-- phpMyAdmin SQL Dump
-- version 5.2.0
-- https://www.phpmyadmin.net/
--
-- Host: localhost:3306
-- Generation Time: Jul 08, 2022 at 12:08 PM
-- Server version: 5.7.33
-- PHP Version: 7.4.19

SET SQL_MODE = "NO_AUTO_VALUE_ON_ZERO";
START TRANSACTION;
SET time_zone = "+00:00";


/*!40101 SET @OLD_CHARACTER_SET_CLIENT=@@CHARACTER_SET_CLIENT */;
/*!40101 SET @OLD_CHARACTER_SET_RESULTS=@@CHARACTER_SET_RESULTS */;
/*!40101 SET @OLD_COLLATION_CONNECTION=@@COLLATION_CONNECTION */;
/*!40101 SET NAMES utf8mb4 */;

--
-- Database: `smartpay`
--

-- --------------------------------------------------------

--
-- Table structure for table `advance_salaries`
--

CREATE TABLE `advance_salaries` (
  `id` bigint(20) UNSIGNED NOT NULL,
  `employee_id` bigint(20) UNSIGNED NOT NULL,
  `payment_month` varchar(255) COLLATE utf8mb4_unicode_ci NOT NULL,
  `payment_year` year(4) NOT NULL,
  `amount` double DEFAULT '0',
  `remarks` text COLLATE utf8mb4_unicode_ci,
  `status` tinyint(2) NOT NULL DEFAULT '0',
  `created_at` timestamp NULL DEFAULT NULL,
  `updated_at` timestamp NULL DEFAULT NULL
) ENGINE=InnoDB DEFAULT CHARSET=utf8mb4 COLLATE=utf8mb4_unicode_ci;

--
-- Dumping data for table `advance_salaries`
--

INSERT INTO `advance_salaries` (`id`, `employee_id`, `payment_month`, `payment_year`, `amount`, `remarks`, `status`, `created_at`, `updated_at`) VALUES
(1, 4, '05', 2022, 5000, 'Advance Salary', 1, '2022-06-27 02:19:21', '2022-06-28 04:05:28'),
(2, 7, '05', 2022, 1000, NULL, 1, '2022-06-28 03:28:35', '2022-06-28 04:05:12'),
(3, 4, '06', 2022, 10000, 'Advance Salary', 1, '2022-06-28 20:11:54', '2022-06-28 20:32:42'),
(4, 1, '05', 2022, 2000, 'Advance Salary', 1, '2022-06-28 20:31:55', '2022-06-28 20:32:16');

-- --------------------------------------------------------

--
-- Table structure for table `attendances`
--

CREATE TABLE `attendances` (
  `id` bigint(20) UNSIGNED NOT NULL,
  `employee_id` bigint(20) UNSIGNED NOT NULL,
  `attendance_month` varchar(255) COLLATE utf8mb4_unicode_ci NOT NULL,
  `attendance_year` year(4) NOT NULL,
  `attendance_date` date NOT NULL,
  `in_time` varchar(255) COLLATE utf8mb4_unicode_ci NOT NULL,
  `out_time` varchar(255) COLLATE utf8mb4_unicode_ci NOT NULL,
  `late_time` varchar(255) COLLATE utf8mb4_unicode_ci NOT NULL,
  `over_time` varchar(255) COLLATE utf8mb4_unicode_ci NOT NULL,
  `remarks` varchar(255) COLLATE utf8mb4_unicode_ci NOT NULL,
  `attendance_status` enum('P','A','W','H','SL','AL','CL','MAT','ML','PAT','L') COLLATE utf8mb4_unicode_ci NOT NULL,
  `created_at` timestamp NULL DEFAULT NULL,
  `updated_at` timestamp NULL DEFAULT NULL
) ENGINE=InnoDB DEFAULT CHARSET=utf8mb4 COLLATE=utf8mb4_unicode_ci;

--
-- Dumping data for table `attendances`
--

INSERT INTO `attendances` (`id`, `employee_id`, `attendance_month`, `attendance_year`, `attendance_date`, `in_time`, `out_time`, `late_time`, `over_time`, `remarks`, `attendance_status`, `created_at`, `updated_at`) VALUES
(1, 1, '05', 2022, '2022-05-01', '00:00', '00:00', '--:--', '0', 'May Day', 'H', '2022-06-28 21:12:01', '2022-06-28 21:12:01'),
(2, 1, '05', 2022, '2022-05-02', '00:00', '00:00', '--:--', '0', 'Eid ul-Fitr Holiday', 'H', '2022-06-28 21:12:01', '2022-06-28 21:12:01'),
(3, 1, '05', 2022, '2022-05-03', '00:00', '00:00', '--:--', '0', 'Eid ul-Fitr Holiday', 'H', '2022-06-28 21:12:01', '2022-06-28 21:12:01'),
(4, 1, '05', 2022, '2022-05-04', '00:00', '00:00', '--:--', '0', 'Eid ul-Fitr Holiday', 'H', '2022-06-28 21:12:01', '2022-06-28 21:12:01'),
(5, 1, '05', 2022, '2022-05-05', '00:00', '00:00', '--:--', '0', 'Eid ul-Fitr Holiday', 'H', '2022-06-28 21:12:01', '2022-06-28 21:12:01'),
(6, 1, '05', 2022, '2022-05-06', '00:00', '00:00', '--:--', '0', 'Weekend', 'W', '2022-06-28 21:12:01', '2022-06-28 21:12:01'),
(7, 1, '05', 2022, '2022-05-07', '00:00', '00:00', '--:--', '0', '', 'A', '2022-06-28 21:12:01', '2022-06-28 21:19:02'),
(8, 1, '05', 2022, '2022-05-08', '--:--', '17:27', '--:--', '0', '', 'P', '2022-06-28 21:12:01', '2022-06-28 21:12:01'),
(9, 1, '05', 2022, '2022-05-09', '--:--', '18:14', '--:--', '0', '', 'P', '2022-06-28 21:12:01', '2022-06-28 21:12:01'),
(10, 1, '05', 2022, '2022-05-10', '00:00', '00:00', '--:--', '0', '', 'A', '2022-06-28 21:12:01', '2022-06-28 21:19:02'),
(11, 1, '05', 2022, '2022-05-11', '--:--', '18:38', '--:--', '0', '', 'P', '2022-06-28 21:12:01', '2022-06-28 21:12:01'),
(12, 1, '05', 2022, '2022-05-12', '--:--', '19:45', '--:--', '0', '', 'P', '2022-06-28 21:12:01', '2022-06-28 21:12:01'),
(13, 1, '05', 2022, '2022-05-13', '00:00', '00:00', '--:--', '0', 'Weekend', 'W', '2022-06-28 21:12:01', '2022-06-28 21:12:01'),
(14, 1, '05', 2022, '2022-05-14', '--:--', '18:30', '--:--', '0', '', 'P', '2022-06-28 21:12:01', '2022-06-28 21:12:01'),
(15, 1, '05', 2022, '2022-05-15', '--:--', '20:48', '--:--', '0', 'Buddha Purnima', 'H', '2022-06-28 21:12:01', '2022-06-28 21:12:01'),
(16, 1, '05', 2022, '2022-05-16', '00:00', '00:00', '--:--', '0', '', 'A', '2022-06-28 21:12:01', '2022-06-28 21:19:02'),
(17, 1, '05', 2022, '2022-05-17', '00:00', '00:00', '--:--', '0', '', 'A', '2022-06-28 21:12:01', '2022-06-28 21:19:02'),
(18, 1, '05', 2022, '2022-05-18', '10:50', '19:01', '01:35', '0', 'Late in', 'L', '2022-06-28 21:12:01', '2022-06-28 21:13:02'),
(19, 1, '05', 2022, '2022-05-19', '09:14', '--:--', '--:--', '0', '', 'P', '2022-06-28 21:12:01', '2022-06-28 21:12:01'),
(20, 1, '05', 2022, '2022-05-20', '00:00', '00:00', '--:--', '0', 'Weekend', 'W', '2022-06-28 21:12:01', '2022-06-28 21:12:01'),
(21, 1, '05', 2022, '2022-05-21', '00:00', '00:00', '--:--', '0', '', 'A', '2022-06-28 21:12:01', '2022-06-28 21:19:02'),
(22, 1, '05', 2022, '2022-05-22', '--:--', '18:43', '--:--', '0', '', 'P', '2022-06-28 21:12:01', '2022-06-28 21:12:01'),
(23, 1, '05', 2022, '2022-05-23', '09:04', '18:27', '--:--', '0', '', 'P', '2022-06-28 21:12:01', '2022-06-28 21:12:01'),
(24, 1, '05', 2022, '2022-05-24', '08:52', '18:10', '--:--', '0', '', 'P', '2022-06-28 21:12:01', '2022-06-28 21:12:01'),
(25, 1, '05', 2022, '2022-05-25', '09:07', '18:39', '--:--', '0', '', 'P', '2022-06-28 21:12:01', '2022-06-28 21:12:01'),
(26, 1, '05', 2022, '2022-05-26', '00:00', '00:00', '--:--', '0', '', 'A', '2022-06-28 21:12:01', '2022-06-28 21:19:02'),
(27, 1, '05', 2022, '2022-05-27', '00:00', '00:00', '--:--', '0', 'Weekend', 'W', '2022-06-28 21:12:01', '2022-06-28 21:12:01'),
(28, 1, '05', 2022, '2022-05-28', '00:00', '00:00', '--:--', '0', '', 'A', '2022-06-28 21:12:01', '2022-06-28 21:19:02'),
(29, 1, '05', 2022, '2022-05-29', '00:00', '00:00', '--:--', '0', '', 'A', '2022-06-28 21:12:01', '2022-06-28 21:19:02'),
(30, 1, '05', 2022, '2022-05-30', '09:01', '--:--', '--:--', '0', '', 'P', '2022-06-28 21:12:01', '2022-06-28 21:12:01'),
(31, 1, '05', 2022, '2022-05-31', '08:20', '20:00', '--:--', '0', '', 'P', '2022-06-28 21:12:01', '2022-06-28 21:12:01'),
(32, 2, '05', 2022, '2022-05-01', '--:--', '--:--', '--:--', '0', 'May Day', 'H', '2022-06-28 21:12:01', '2022-06-28 21:19:02'),
(33, 2, '05', 2022, '2022-05-02', '--:--', '--:--', '--:--', '0', 'Eid ul-Fitr Holiday', 'H', '2022-06-28 21:12:01', '2022-06-28 21:19:02'),
(34, 2, '05', 2022, '2022-05-03', '--:--', '--:--', '--:--', '0', 'Eid ul-Fitr Holiday', 'H', '2022-06-28 21:12:01', '2022-06-28 21:19:02'),
(35, 2, '05', 2022, '2022-05-04', '--:--', '--:--', '--:--', '0', 'Eid ul-Fitr Holiday', 'H', '2022-06-28 21:12:01', '2022-06-28 21:19:02'),
(36, 2, '05', 2022, '2022-05-05', '--:--', '--:--', '--:--', '0', 'Eid ul-Fitr Holiday', 'H', '2022-06-28 21:12:01', '2022-06-28 21:19:02'),
(37, 2, '05', 2022, '2022-05-06', '--:--', '--:--', '--:--', '0', 'Weekend', 'W', '2022-06-28 21:12:01', '2022-06-28 21:19:02'),
(38, 2, '05', 2022, '2022-05-07', '--:--', '--:--', '--:--', '0', '', 'A', '2022-06-28 21:12:01', '2022-06-28 21:13:02'),
(39, 2, '05', 2022, '2022-05-08', '--:--', '--:--', '--:--', '0', '', 'A', '2022-06-28 21:12:01', '2022-06-28 21:13:02'),
(40, 2, '05', 2022, '2022-05-09', '--:--', '--:--', '--:--', '0', '', 'A', '2022-06-28 21:12:01', '2022-06-28 21:13:02'),
(41, 2, '05', 2022, '2022-05-10', '--:--', '18:19', '--:--', '0', '', 'P', '2022-06-28 21:12:01', '2022-06-28 21:12:01'),
(42, 2, '05', 2022, '2022-05-11', '--:--', '--:--', '--:--', '0', '', 'A', '2022-06-28 21:12:01', '2022-06-28 21:13:02'),
(43, 2, '05', 2022, '2022-05-12', '11:54', '--:--', '02:39', '0', 'Late in', 'L', '2022-06-28 21:12:01', '2022-06-28 21:13:02'),
(44, 2, '05', 2022, '2022-05-13', '--:--', '--:--', '--:--', '0', 'Weekend', 'W', '2022-06-28 21:12:01', '2022-06-28 21:19:02'),
(45, 2, '05', 2022, '2022-05-14', '08:38', '18:09', '--:--', '0', '', 'P', '2022-06-28 21:12:01', '2022-06-28 21:12:01'),
(46, 2, '05', 2022, '2022-05-15', '--:--', '--:--', '--:--', '0', 'Buddha Purnima', 'H', '2022-06-28 21:12:01', '2022-06-28 21:19:02'),
(47, 2, '05', 2022, '2022-05-16', '--:--', '--:--', '--:--', '0', '', 'A', '2022-06-28 21:12:01', '2022-06-28 21:13:02'),
(48, 2, '05', 2022, '2022-05-17', '09:11', '--:--', '--:--', '0', '', 'P', '2022-06-28 21:12:01', '2022-06-28 21:12:01'),
(49, 2, '05', 2022, '2022-05-18', '--:--', '--:--', '--:--', '0', '', 'A', '2022-06-28 21:12:01', '2022-06-28 21:13:02'),
(50, 2, '05', 2022, '2022-05-19', '08:54', '--:--', '--:--', '0', '', 'P', '2022-06-28 21:12:01', '2022-06-28 21:12:01'),
(51, 2, '05', 2022, '2022-05-20', '--:--', '--:--', '--:--', '0', 'Weekend', 'W', '2022-06-28 21:12:01', '2022-06-28 21:19:02'),
(52, 2, '05', 2022, '2022-05-21', '--:--', '--:--', '--:--', '0', '', 'A', '2022-06-28 21:12:01', '2022-06-28 21:13:02'),
(53, 2, '05', 2022, '2022-05-22', '09:14', '--:--', '--:--', '0', '', 'P', '2022-06-28 21:12:01', '2022-06-28 21:12:01'),
(54, 2, '05', 2022, '2022-05-23', '09:47', '--:--', '00:32', '0', 'Late in', 'L', '2022-06-28 21:12:01', '2022-06-28 21:13:02'),
(55, 2, '05', 2022, '2022-05-24', '--:--', '15:08', '--:--', '0', '', 'P', '2022-06-28 21:12:01', '2022-06-28 21:12:01'),
(56, 2, '05', 2022, '2022-05-25', '--:--', '13:00', '--:--', '0', '', 'P', '2022-06-28 21:12:01', '2022-06-28 21:12:01'),
(57, 2, '05', 2022, '2022-05-26', '--:--', '--:--', '--:--', '0', '', 'A', '2022-06-28 21:12:01', '2022-06-28 21:13:02'),
(58, 2, '05', 2022, '2022-05-27', '--:--', '--:--', '--:--', '0', 'Weekend', 'W', '2022-06-28 21:12:01', '2022-06-28 21:19:02'),
(59, 2, '05', 2022, '2022-05-28', '--:--', '--:--', '--:--', '0', '', 'A', '2022-06-28 21:12:01', '2022-06-28 21:13:02'),
(60, 2, '05', 2022, '2022-05-29', '--:--', '--:--', '--:--', '0', '', 'A', '2022-06-28 21:12:01', '2022-06-28 21:13:02'),
(61, 2, '05', 2022, '2022-05-30', '--:--', '18:01', '--:--', '0', '', 'P', '2022-06-28 21:12:01', '2022-06-28 21:12:01'),
(62, 2, '05', 2022, '2022-05-31', '--:--', '18:11', '--:--', '0', '', 'P', '2022-06-28 21:12:01', '2022-06-28 21:12:01'),
(63, 3, '05', 2022, '2022-05-01', '--:--', '--:--', '--:--', '0', 'May Day', 'H', '2022-06-28 21:12:01', '2022-06-28 21:19:02'),
(64, 3, '05', 2022, '2022-05-02', '--:--', '--:--', '--:--', '0', 'Eid ul-Fitr Holiday', 'H', '2022-06-28 21:12:01', '2022-06-28 21:19:02'),
(65, 3, '05', 2022, '2022-05-03', '--:--', '--:--', '--:--', '0', 'Eid ul-Fitr Holiday', 'H', '2022-06-28 21:12:01', '2022-06-28 21:19:02'),
(66, 3, '05', 2022, '2022-05-04', '--:--', '--:--', '--:--', '0', 'Eid ul-Fitr Holiday', 'H', '2022-06-28 21:12:01', '2022-06-28 21:19:02'),
(67, 3, '05', 2022, '2022-05-05', '--:--', '--:--', '--:--', '0', 'Eid ul-Fitr Holiday', 'H', '2022-06-28 21:12:01', '2022-06-28 21:19:02'),
(68, 3, '05', 2022, '2022-05-06', '--:--', '--:--', '--:--', '0', 'Weekend', 'W', '2022-06-28 21:12:01', '2022-06-28 21:19:02'),
(69, 3, '05', 2022, '2022-05-07', '--:--', '--:--', '--:--', '0', '', 'A', '2022-06-28 21:12:01', '2022-06-28 21:13:02'),
(70, 3, '05', 2022, '2022-05-08', '--:--', '--:--', '--:--', '0', '', 'A', '2022-06-28 21:12:01', '2022-06-28 21:13:02'),
(71, 3, '05', 2022, '2022-05-09', '08:39', '18:14', '--:--', '0', '', 'P', '2022-06-28 21:12:01', '2022-06-28 21:12:01'),
(72, 3, '05', 2022, '2022-05-10', '09:30', '18:19', '00:15', '0', 'Late in', 'L', '2022-06-28 21:12:01', '2022-06-28 21:13:02'),
(73, 3, '05', 2022, '2022-05-11', '--:--', '--:--', '--:--', '0', '', 'A', '2022-06-28 21:12:01', '2022-06-28 21:13:02'),
(74, 3, '05', 2022, '2022-05-12', '--:--', '--:--', '--:--', '0', '', 'A', '2022-06-28 21:12:01', '2022-06-28 21:13:02'),
(75, 3, '05', 2022, '2022-05-13', '--:--', '--:--', '--:--', '0', 'Weekend', 'W', '2022-06-28 21:12:01', '2022-06-28 21:19:02'),
(76, 3, '05', 2022, '2022-05-14', '08:55', '18:08', '--:--', '0', '', 'P', '2022-06-28 21:12:01', '2022-06-28 21:12:01'),
(77, 3, '05', 2022, '2022-05-15', '--:--', '--:--', '--:--', '0', 'Buddha Purnima', 'H', '2022-06-28 21:12:01', '2022-06-28 21:19:02'),
(78, 3, '05', 2022, '2022-05-16', '09:05', '18:35', '--:--', '0', '', 'P', '2022-06-28 21:12:01', '2022-06-28 21:12:01'),
(79, 3, '05', 2022, '2022-05-17', '--:--', '--:--', '--:--', '0', '', 'A', '2022-06-28 21:12:01', '2022-06-28 21:13:02'),
(80, 3, '05', 2022, '2022-05-18', '09:07', '18:00', '--:--', '0', '', 'P', '2022-06-28 21:12:01', '2022-06-28 21:12:01'),
(81, 3, '05', 2022, '2022-05-19', '--:--', '--:--', '--:--', '0', '', 'A', '2022-06-28 21:12:01', '2022-06-28 21:13:02'),
(82, 3, '05', 2022, '2022-05-20', '--:--', '--:--', '--:--', '0', 'Weekend', 'W', '2022-06-28 21:12:01', '2022-06-28 21:19:02'),
(83, 3, '05', 2022, '2022-05-21', '--:--', '--:--', '--:--', '0', '', 'A', '2022-06-28 21:12:01', '2022-06-28 21:13:02'),
(84, 3, '05', 2022, '2022-05-22', '09:06', '--:--', '--:--', '0', '', 'P', '2022-06-28 21:12:01', '2022-06-28 21:12:01'),
(85, 3, '05', 2022, '2022-05-23', '09:03', '--:--', '--:--', '0', '', 'P', '2022-06-28 21:12:01', '2022-06-28 21:12:01'),
(86, 3, '05', 2022, '2022-05-24', '08:59', '18:07', '--:--', '0', '', 'P', '2022-06-28 21:12:01', '2022-06-28 21:12:01'),
(87, 3, '05', 2022, '2022-05-25', '09:03', '17:59', '--:--', '0', '', 'P', '2022-06-28 21:12:01', '2022-06-28 21:12:01'),
(88, 3, '05', 2022, '2022-05-26', '--:--', '--:--', '--:--', '0', '', 'A', '2022-06-28 21:12:01', '2022-06-28 21:13:02'),
(89, 3, '05', 2022, '2022-05-27', '--:--', '--:--', '--:--', '0', 'Weekend', 'W', '2022-06-28 21:12:01', '2022-06-28 21:19:02'),
(90, 3, '05', 2022, '2022-05-28', '09:01', '18:06', '--:--', '0', '', 'P', '2022-06-28 21:12:01', '2022-06-28 21:12:01'),
(91, 3, '05', 2022, '2022-05-29', '09:06', '18:00', '--:--', '0', '', 'P', '2022-06-28 21:12:01', '2022-06-28 21:12:01'),
(92, 3, '05', 2022, '2022-05-30', '08:58', '18:01', '--:--', '0', '', 'P', '2022-06-28 21:12:01', '2022-06-28 21:12:01'),
(93, 3, '05', 2022, '2022-05-31', '09:57', '18:11', '00:42', '0', 'Late in', 'L', '2022-06-28 21:12:01', '2022-06-28 21:13:02'),
(94, 4, '05', 2022, '2022-05-01', '00:00', '00:00', '--:--', '0', 'May Day', 'H', '2022-06-28 21:12:01', '2022-06-28 21:12:01'),
(95, 4, '05', 2022, '2022-05-02', '00:00', '00:00', '--:--', '0', 'Eid ul-Fitr Holiday', 'H', '2022-06-28 21:12:01', '2022-06-28 21:12:01'),
(96, 4, '05', 2022, '2022-05-03', '00:00', '00:00', '--:--', '0', 'Eid ul-Fitr Holiday', 'H', '2022-06-28 21:12:01', '2022-06-28 21:12:01'),
(97, 4, '05', 2022, '2022-05-04', '00:00', '00:00', '--:--', '0', 'Eid ul-Fitr Holiday', 'H', '2022-06-28 21:12:01', '2022-06-28 21:12:01'),
(98, 4, '05', 2022, '2022-05-05', '00:00', '00:00', '--:--', '0', 'Eid ul-Fitr Holiday', 'H', '2022-06-28 21:12:01', '2022-06-28 21:12:01'),
(99, 4, '05', 2022, '2022-05-06', '00:00', '00:00', '--:--', '0', 'Weekend', 'W', '2022-06-28 21:12:01', '2022-06-28 21:12:01'),
(100, 4, '05', 2022, '2022-05-07', '09:09', '18:07', '--:--', '0', '', 'P', '2022-06-28 21:12:01', '2022-06-28 21:12:01'),
(101, 4, '05', 2022, '2022-05-08', '08:59', '18:06', '--:--', '0', '', 'P', '2022-06-28 21:12:01', '2022-06-28 21:12:01'),
(102, 4, '05', 2022, '2022-05-09', '08:58', '18:01', '--:--', '0', '', 'P', '2022-06-28 21:12:01', '2022-06-28 21:12:01'),
(103, 4, '05', 2022, '2022-05-10', '09:02', '18:09', '--:--', '0', '', 'P', '2022-06-28 21:12:01', '2022-06-28 21:12:01'),
(104, 4, '05', 2022, '2022-05-11', '09:06', '18:13', '--:--', '0', '', 'P', '2022-06-28 21:12:01', '2022-06-28 21:12:01'),
(105, 4, '05', 2022, '2022-05-12', '09:04', '18:13', '--:--', '0', '', 'P', '2022-06-28 21:12:01', '2022-06-28 21:12:01'),
(106, 4, '05', 2022, '2022-05-13', '00:00', '00:00', '--:--', '0', 'Weekend', 'W', '2022-06-28 21:12:01', '2022-06-28 21:12:01'),
(107, 4, '05', 2022, '2022-05-14', '09:12', '18:12', '--:--', '0', '', 'P', '2022-06-28 21:12:01', '2022-06-28 21:12:01'),
(108, 4, '05', 2022, '2022-05-15', '00:00', '00:00', '--:--', '0', 'Buddha Purnima', 'H', '2022-06-28 21:12:01', '2022-06-28 21:12:01'),
(109, 4, '05', 2022, '2022-05-16', '09:13', '18:15', '--:--', '0', '', 'P', '2022-06-28 21:12:01', '2022-06-28 21:12:01'),
(110, 4, '05', 2022, '2022-05-17', '09:20', '18:06', '00:05', '0', 'Late in', 'L', '2022-06-28 21:12:01', '2022-06-28 21:13:02'),
(111, 4, '05', 2022, '2022-05-18', '09:11', '18:09', '--:--', '0', '', 'P', '2022-06-28 21:12:01', '2022-06-28 21:12:01'),
(112, 4, '05', 2022, '2022-05-19', '09:11', '18:22', '--:--', '0', '', 'P', '2022-06-28 21:12:01', '2022-06-28 21:12:01'),
(113, 4, '05', 2022, '2022-05-20', '00:00', '00:00', '--:--', '0', 'Weekend', 'W', '2022-06-28 21:12:01', '2022-06-28 21:12:01'),
(114, 4, '05', 2022, '2022-05-21', '09:11', '18:16', '--:--', '0', '', 'P', '2022-06-28 21:12:01', '2022-06-28 21:12:01'),
(115, 4, '05', 2022, '2022-05-22', '09:12', '18:30', '--:--', '0', '', 'P', '2022-06-28 21:12:01', '2022-06-28 21:12:01'),
(116, 4, '05', 2022, '2022-05-23', '09:12', '18:27', '--:--', '0', '', 'P', '2022-06-28 21:12:01', '2022-06-28 21:12:01'),
(117, 4, '05', 2022, '2022-05-24', '09:07', '18:07', '--:--', '0', '', 'P', '2022-06-28 21:12:01', '2022-06-28 21:12:01'),
(118, 4, '05', 2022, '2022-05-25', '09:12', '18:17', '--:--', '0', '', 'P', '2022-06-28 21:12:01', '2022-06-28 21:12:01'),
(119, 4, '05', 2022, '2022-05-26', '09:08', '18:22', '--:--', '0', '', 'P', '2022-06-28 21:12:01', '2022-06-28 21:12:01'),
(120, 4, '05', 2022, '2022-05-27', '00:00', '00:00', '--:--', '0', 'Weekend', 'W', '2022-06-28 21:12:01', '2022-06-28 21:12:01'),
(121, 4, '05', 2022, '2022-05-28', '09:02', '18:10', '--:--', '0', '', 'P', '2022-06-28 21:12:01', '2022-06-28 21:12:01'),
(122, 4, '05', 2022, '2022-05-29', '09:08', '18:02', '--:--', '0', '', 'P', '2022-06-28 21:12:01', '2022-06-28 21:12:01'),
(123, 4, '05', 2022, '2022-05-30', '09:10', '18:03', '--:--', '0', '', 'P', '2022-06-28 21:12:01', '2022-06-28 21:12:01'),
(124, 4, '05', 2022, '2022-05-31', '09:08', '18:11', '--:--', '0', '', 'P', '2022-06-28 21:12:01', '2022-06-28 21:12:01'),
(125, 5, '05', 2022, '2022-05-01', '--:--', '--:--', '--:--', '0', 'May Day', 'H', '2022-06-28 21:12:01', '2022-06-28 21:19:02'),
(126, 5, '05', 2022, '2022-05-02', '--:--', '--:--', '--:--', '0', 'Eid ul-Fitr Holiday', 'H', '2022-06-28 21:12:01', '2022-06-28 21:19:02'),
(127, 5, '05', 2022, '2022-05-03', '--:--', '--:--', '--:--', '0', 'Eid ul-Fitr Holiday', 'H', '2022-06-28 21:12:01', '2022-06-28 21:19:02'),
(128, 5, '05', 2022, '2022-05-04', '--:--', '--:--', '--:--', '0', 'Eid ul-Fitr Holiday', 'H', '2022-06-28 21:12:01', '2022-06-28 21:19:02'),
(129, 5, '05', 2022, '2022-05-05', '--:--', '--:--', '--:--', '0', 'Eid ul-Fitr Holiday', 'H', '2022-06-28 21:12:01', '2022-06-28 21:19:02'),
(130, 5, '05', 2022, '2022-05-06', '--:--', '--:--', '--:--', '0', 'Weekend', 'W', '2022-06-28 21:12:01', '2022-06-28 21:19:02'),
(131, 5, '05', 2022, '2022-05-07', '--:--', '--:--', '--:--', '0', '', 'A', '2022-06-28 21:12:01', '2022-06-28 21:13:02'),
(132, 5, '05', 2022, '2022-05-08', '--:--', '--:--', '--:--', '0', '', 'A', '2022-06-28 21:12:01', '2022-06-28 21:13:02'),
(133, 5, '05', 2022, '2022-05-09', '--:--', '--:--', '--:--', '0', '', 'A', '2022-06-28 21:12:02', '2022-06-28 21:13:02'),
(134, 5, '05', 2022, '2022-05-10', '--:--', '--:--', '--:--', '0', '', 'A', '2022-06-28 21:12:02', '2022-06-28 21:13:02'),
(135, 5, '05', 2022, '2022-05-11', '--:--', '--:--', '--:--', '0', '', 'A', '2022-06-28 21:12:02', '2022-06-28 21:13:02'),
(136, 5, '05', 2022, '2022-05-12', '--:--', '--:--', '--:--', '0', '', 'A', '2022-06-28 21:12:02', '2022-06-28 21:13:02'),
(137, 5, '05', 2022, '2022-05-13', '--:--', '--:--', '--:--', '0', 'Weekend', 'W', '2022-06-28 21:12:02', '2022-06-28 21:19:02'),
(138, 5, '05', 2022, '2022-05-14', '09:06', '--:--', '--:--', '0', '', 'P', '2022-06-28 21:12:02', '2022-06-28 21:12:02'),
(139, 5, '05', 2022, '2022-05-15', '--:--', '--:--', '--:--', '0', 'Buddha Purnima', 'H', '2022-06-28 21:12:02', '2022-06-28 21:19:02'),
(140, 5, '05', 2022, '2022-05-16', '--:--', '--:--', '--:--', '0', '', 'A', '2022-06-28 21:12:02', '2022-06-28 21:13:02'),
(141, 5, '05', 2022, '2022-05-17', '--:--', '--:--', '--:--', '0', '', 'A', '2022-06-28 21:12:02', '2022-06-28 21:13:02'),
(142, 5, '05', 2022, '2022-05-18', '--:--', '--:--', '--:--', '0', '', 'A', '2022-06-28 21:12:02', '2022-06-28 21:13:02'),
(143, 5, '05', 2022, '2022-05-19', '--:--', '--:--', '--:--', '0', '', 'A', '2022-06-28 21:12:02', '2022-06-28 21:13:02'),
(144, 5, '05', 2022, '2022-05-20', '--:--', '--:--', '--:--', '0', 'Weekend', 'W', '2022-06-28 21:12:02', '2022-06-28 21:19:02'),
(145, 5, '05', 2022, '2022-05-21', '--:--', '--:--', '--:--', '0', '', 'A', '2022-06-28 21:12:02', '2022-06-28 21:13:02'),
(146, 5, '05', 2022, '2022-05-22', '09:14', '--:--', '--:--', '0', '', 'P', '2022-06-28 21:12:02', '2022-06-28 21:12:02'),
(147, 5, '05', 2022, '2022-05-23', '--:--', '--:--', '--:--', '0', '', 'A', '2022-06-28 21:12:02', '2022-06-28 21:13:02'),
(148, 5, '05', 2022, '2022-05-24', '--:--', '--:--', '--:--', '0', '', 'A', '2022-06-28 21:12:02', '2022-06-28 21:13:02'),
(149, 5, '05', 2022, '2022-05-25', '09:07', '--:--', '--:--', '0', '', 'P', '2022-06-28 21:12:02', '2022-06-28 21:12:02'),
(150, 5, '05', 2022, '2022-05-26', '--:--', '--:--', '--:--', '0', '', 'A', '2022-06-28 21:12:02', '2022-06-28 21:13:02'),
(151, 5, '05', 2022, '2022-05-27', '--:--', '--:--', '--:--', '0', 'Weekend', 'W', '2022-06-28 21:12:02', '2022-06-28 21:19:02'),
(152, 5, '05', 2022, '2022-05-28', '--:--', '--:--', '--:--', '0', '', 'A', '2022-06-28 21:12:02', '2022-06-28 21:13:03'),
(153, 5, '05', 2022, '2022-05-29', '--:--', '--:--', '--:--', '0', '', 'A', '2022-06-28 21:12:02', '2022-06-28 21:13:03'),
(154, 5, '05', 2022, '2022-05-30', '--:--', '--:--', '--:--', '0', '', 'A', '2022-06-28 21:12:02', '2022-06-28 21:13:03'),
(155, 5, '05', 2022, '2022-05-31', '09:14', '--:--', '--:--', '0', '', 'P', '2022-06-28 21:12:02', '2022-06-28 21:12:02'),
(156, 6, '05', 2022, '2022-05-01', '--:--', '--:--', '--:--', '0', 'May Day', 'H', '2022-06-28 21:12:02', '2022-06-28 21:19:02'),
(157, 6, '05', 2022, '2022-05-02', '--:--', '--:--', '--:--', '0', 'Eid ul-Fitr Holiday', 'H', '2022-06-28 21:12:02', '2022-06-28 21:19:02'),
(158, 6, '05', 2022, '2022-05-03', '--:--', '--:--', '--:--', '0', 'Eid ul-Fitr Holiday', 'H', '2022-06-28 21:12:02', '2022-06-28 21:19:02'),
(159, 6, '05', 2022, '2022-05-04', '--:--', '--:--', '--:--', '0', 'Eid ul-Fitr Holiday', 'H', '2022-06-28 21:12:02', '2022-06-28 21:19:02'),
(160, 6, '05', 2022, '2022-05-05', '--:--', '--:--', '--:--', '0', 'Eid ul-Fitr Holiday', 'H', '2022-06-28 21:12:02', '2022-06-28 21:19:02'),
(161, 6, '05', 2022, '2022-05-06', '--:--', '--:--', '--:--', '0', 'Weekend', 'W', '2022-06-28 21:12:02', '2022-06-28 21:19:02'),
(162, 6, '05', 2022, '2022-05-07', '--:--', '--:--', '--:--', '0', '', 'A', '2022-06-28 21:12:02', '2022-06-28 21:13:03'),
(163, 6, '05', 2022, '2022-05-08', '--:--', '--:--', '--:--', '0', '', 'A', '2022-06-28 21:12:02', '2022-06-28 21:13:03'),
(164, 6, '05', 2022, '2022-05-09', '--:--', '--:--', '--:--', '0', '', 'A', '2022-06-28 21:12:02', '2022-06-28 21:13:03'),
(165, 6, '05', 2022, '2022-05-10', '11:12', '--:--', '01:57', '0', 'Late in', 'L', '2022-06-28 21:12:02', '2022-06-28 21:13:03'),
(166, 6, '05', 2022, '2022-05-11', '--:--', '--:--', '--:--', '0', '', 'A', '2022-06-28 21:12:02', '2022-06-28 21:13:03'),
(167, 6, '05', 2022, '2022-05-12', '--:--', '--:--', '--:--', '0', '', 'A', '2022-06-28 21:12:02', '2022-06-28 21:13:03'),
(168, 6, '05', 2022, '2022-05-13', '--:--', '--:--', '--:--', '0', 'Weekend', 'W', '2022-06-28 21:12:02', '2022-06-28 21:19:02'),
(169, 6, '05', 2022, '2022-05-14', '--:--', '--:--', '--:--', '0', '', 'A', '2022-06-28 21:12:02', '2022-06-28 21:13:03'),
(170, 6, '05', 2022, '2022-05-15', '--:--', '--:--', '--:--', '0', 'Buddha Purnima', 'H', '2022-06-28 21:12:02', '2022-06-28 21:19:02'),
(171, 6, '05', 2022, '2022-05-16', '--:--', '--:--', '--:--', '0', '', 'A', '2022-06-28 21:12:02', '2022-06-28 21:13:03'),
(172, 6, '05', 2022, '2022-05-17', '--:--', '--:--', '--:--', '0', '', 'A', '2022-06-28 21:12:02', '2022-06-28 21:13:03'),
(173, 6, '05', 2022, '2022-05-18', '--:--', '--:--', '--:--', '0', '', 'A', '2022-06-28 21:12:02', '2022-06-28 21:13:03'),
(174, 6, '05', 2022, '2022-05-19', '--:--', '--:--', '--:--', '0', '', 'A', '2022-06-28 21:12:02', '2022-06-28 21:13:03'),
(175, 6, '05', 2022, '2022-05-20', '--:--', '--:--', '--:--', '0', 'Weekend', 'W', '2022-06-28 21:12:02', '2022-06-28 21:19:02'),
(176, 6, '05', 2022, '2022-05-21', '--:--', '--:--', '--:--', '0', '', 'A', '2022-06-28 21:12:02', '2022-06-28 21:13:03'),
(177, 6, '05', 2022, '2022-05-22', '--:--', '--:--', '--:--', '0', '', 'A', '2022-06-28 21:12:02', '2022-06-28 21:13:03'),
(178, 6, '05', 2022, '2022-05-23', '08:49', '--:--', '--:--', '0', '', 'P', '2022-06-28 21:12:02', '2022-06-28 21:12:02'),
(179, 6, '05', 2022, '2022-05-24', '09:14', '--:--', '--:--', '0', '', 'P', '2022-06-28 21:12:02', '2022-06-28 21:12:02'),
(180, 6, '05', 2022, '2022-05-25', '--:--', '--:--', '--:--', '0', '', 'A', '2022-06-28 21:12:02', '2022-06-28 21:13:03'),
(181, 6, '05', 2022, '2022-05-26', '--:--', '--:--', '--:--', '0', '', 'A', '2022-06-28 21:12:02', '2022-06-28 21:13:03'),
(182, 6, '05', 2022, '2022-05-27', '--:--', '--:--', '--:--', '0', 'Weekend', 'W', '2022-06-28 21:12:02', '2022-06-28 21:19:02'),
(183, 6, '05', 2022, '2022-05-28', '--:--', '--:--', '--:--', '0', '', 'A', '2022-06-28 21:12:02', '2022-06-28 21:13:03'),
(184, 6, '05', 2022, '2022-05-29', '--:--', '--:--', '--:--', '0', '', 'A', '2022-06-28 21:12:02', '2022-06-28 21:13:03'),
(185, 6, '05', 2022, '2022-05-30', '--:--', '--:--', '--:--', '0', '', 'A', '2022-06-28 21:12:02', '2022-06-28 21:13:03'),
(186, 6, '05', 2022, '2022-05-31', '--:--', '--:--', '--:--', '0', '', 'A', '2022-06-28 21:12:02', '2022-06-28 21:13:03'),
(187, 7, '05', 2022, '2022-05-01', '00:00', '00:00', '--:--', '0', 'May Day', 'H', '2022-06-28 21:12:02', '2022-06-28 21:12:02'),
(188, 7, '05', 2022, '2022-05-02', '00:00', '00:00', '--:--', '0', 'Eid ul-Fitr Holiday', 'H', '2022-06-28 21:12:02', '2022-06-28 21:12:02'),
(189, 7, '05', 2022, '2022-05-03', '00:00', '00:00', '--:--', '0', 'Eid ul-Fitr Holiday', 'H', '2022-06-28 21:12:02', '2022-06-28 21:12:02'),
(190, 7, '05', 2022, '2022-05-04', '00:00', '00:00', '--:--', '0', 'Eid ul-Fitr Holiday', 'H', '2022-06-28 21:12:02', '2022-06-28 21:12:02'),
(191, 7, '05', 2022, '2022-05-05', '00:00', '00:00', '--:--', '0', 'Eid ul-Fitr Holiday', 'H', '2022-06-28 21:12:02', '2022-06-28 21:12:02'),
(192, 7, '05', 2022, '2022-05-06', '00:00', '00:00', '--:--', '0', 'Weekend', 'W', '2022-06-28 21:12:02', '2022-06-28 21:12:02'),
(193, 7, '05', 2022, '2022-05-07', '09:51', '18:07', '00:36', '0', 'Late in', 'L', '2022-06-28 21:12:02', '2022-06-28 21:13:03'),
(194, 7, '05', 2022, '2022-05-08', '09:09', '18:09', '--:--', '0', '', 'P', '2022-06-28 21:12:02', '2022-06-28 21:12:02'),
(195, 7, '05', 2022, '2022-05-09', '09:00', '18:00', '--:--', '0', 'Monthly Leave', 'ML', '2022-06-28 21:12:02', '2022-06-28 21:12:02'),
(196, 7, '05', 2022, '2022-05-10', '09:10', '18:09', '--:--', '0', '', 'P', '2022-06-28 21:12:02', '2022-06-28 21:12:02'),
(197, 7, '05', 2022, '2022-05-11', '09:14', '18:14', '--:--', '0', '', 'P', '2022-06-28 21:12:02', '2022-06-28 21:12:02'),
(198, 7, '05', 2022, '2022-05-12', '09:18', '18:15', '00:03', '0', 'Late in', 'L', '2022-06-28 21:12:02', '2022-06-28 21:13:03'),
(199, 7, '05', 2022, '2022-05-13', '00:00', '00:00', '--:--', '0', 'Weekend', 'W', '2022-06-28 21:12:02', '2022-06-28 21:12:02'),
(200, 7, '05', 2022, '2022-05-14', '00:00', '00:00', '--:--', '0', '', 'A', '2022-06-28 21:12:02', '2022-06-28 21:19:02'),
(201, 7, '05', 2022, '2022-05-15', '00:00', '00:00', '--:--', '0', 'Buddha Purnima', 'H', '2022-06-28 21:12:02', '2022-06-28 21:12:02'),
(202, 7, '05', 2022, '2022-05-16', '09:22', '18:12', '00:07', '0', 'Late in', 'L', '2022-06-28 21:12:02', '2022-06-28 21:13:03'),
(203, 7, '05', 2022, '2022-05-17', '09:16', '18:06', '00:01', '0', 'Late in', 'L', '2022-06-28 21:12:02', '2022-06-28 21:13:03'),
(204, 7, '05', 2022, '2022-05-18', '09:34', '18:09', '00:19', '0', 'Late in', 'L', '2022-06-28 21:12:02', '2022-06-28 21:13:03'),
(205, 7, '05', 2022, '2022-05-19', '00:00', '00:00', '--:--', '0', '', 'A', '2022-06-28 21:12:02', '2022-06-28 21:19:02'),
(206, 7, '05', 2022, '2022-05-20', '00:00', '00:00', '--:--', '0', 'Weekend', 'W', '2022-06-28 21:12:02', '2022-06-28 21:12:02'),
(207, 7, '05', 2022, '2022-05-21', '09:11', '18:16', '--:--', '0', '', 'P', '2022-06-28 21:12:02', '2022-06-28 21:12:02'),
(208, 7, '05', 2022, '2022-05-22', '09:21', '18:23', '00:06', '0', 'Late in', 'L', '2022-06-28 21:12:02', '2022-06-28 21:13:03'),
(209, 7, '05', 2022, '2022-05-23', '09:00', '18:27', '--:--', '0', '', 'P', '2022-06-28 21:12:02', '2022-06-28 21:12:02'),
(210, 7, '05', 2022, '2022-05-24', '09:00', '18:11', '--:--', '0', '', 'P', '2022-06-28 21:12:02', '2022-06-28 21:12:02'),
(211, 7, '05', 2022, '2022-05-25', '09:09', '18:08', '--:--', '0', '', 'P', '2022-06-28 21:12:02', '2022-06-28 21:12:02'),
(212, 7, '05', 2022, '2022-05-26', '09:08', '18:07', '--:--', '0', '', 'P', '2022-06-28 21:12:02', '2022-06-28 21:12:02'),
(213, 7, '05', 2022, '2022-05-27', '00:00', '00:00', '--:--', '0', 'Weekend', 'W', '2022-06-28 21:12:02', '2022-06-28 21:12:02'),
(214, 7, '05', 2022, '2022-05-28', '09:09', '17:32', '--:--', '0', '', 'P', '2022-06-28 21:12:02', '2022-06-28 21:12:02'),
(215, 7, '05', 2022, '2022-05-29', '09:04', '18:01', '--:--', '0', '', 'P', '2022-06-28 21:12:02', '2022-06-28 21:12:02'),
(216, 7, '05', 2022, '2022-05-30', '08:50', '18:04', '--:--', '0', '', 'P', '2022-06-28 21:12:02', '2022-06-28 21:12:02'),
(217, 7, '05', 2022, '2022-05-31', '09:02', '18:11', '--:--', '0', '', 'P', '2022-06-28 21:12:02', '2022-06-28 21:12:02'),
(218, 8, '05', 2022, '2022-05-01', '--:--', '--:--', '--:--', '0', 'May Day', 'H', '2022-06-28 21:12:02', '2022-06-28 21:19:02'),
(219, 8, '05', 2022, '2022-05-02', '--:--', '--:--', '--:--', '0', 'Eid ul-Fitr Holiday', 'H', '2022-06-28 21:12:02', '2022-06-28 21:19:02'),
(220, 8, '05', 2022, '2022-05-03', '--:--', '--:--', '--:--', '0', 'Eid ul-Fitr Holiday', 'H', '2022-06-28 21:12:02', '2022-06-28 21:19:02'),
(221, 8, '05', 2022, '2022-05-04', '--:--', '--:--', '--:--', '0', 'Eid ul-Fitr Holiday', 'H', '2022-06-28 21:12:02', '2022-06-28 21:19:02'),
(222, 8, '05', 2022, '2022-05-05', '--:--', '--:--', '--:--', '0', 'Eid ul-Fitr Holiday', 'H', '2022-06-28 21:12:02', '2022-06-28 21:19:02'),
(223, 8, '05', 2022, '2022-05-06', '--:--', '--:--', '--:--', '0', 'Weekend', 'W', '2022-06-28 21:12:02', '2022-06-28 21:19:02'),
(224, 8, '05', 2022, '2022-05-07', '--:--', '--:--', '--:--', '0', '', 'A', '2022-06-28 21:12:02', '2022-06-28 21:13:03'),
(225, 8, '05', 2022, '2022-05-08', '09:01', '18:06', '--:--', '0', '', 'P', '2022-06-28 21:12:02', '2022-06-28 21:12:02'),
(226, 8, '05', 2022, '2022-05-09', '08:46', '18:01', '--:--', '0', '', 'P', '2022-06-28 21:12:02', '2022-06-28 21:12:02'),
(227, 8, '05', 2022, '2022-05-10', '09:12', '18:05', '--:--', '0', '', 'P', '2022-06-28 21:12:02', '2022-06-28 21:12:02'),
(228, 8, '05', 2022, '2022-05-11', '08:32', '18:00', '--:--', '0', '', 'P', '2022-06-28 21:12:02', '2022-06-28 21:12:02'),
(229, 8, '05', 2022, '2022-05-12', '08:38', '18:00', '--:--', '0', '', 'P', '2022-06-28 21:12:02', '2022-06-28 21:12:02'),
(230, 8, '05', 2022, '2022-05-13', '--:--', '--:--', '--:--', '0', 'Weekend', 'W', '2022-06-28 21:12:02', '2022-06-28 21:19:02'),
(231, 8, '05', 2022, '2022-05-14', '--:--', '--:--', '--:--', '0', '', 'A', '2022-06-28 21:12:02', '2022-06-28 21:13:03'),
(232, 8, '05', 2022, '2022-05-15', '--:--', '--:--', '--:--', '0', 'Buddha Purnima', 'H', '2022-06-28 21:12:02', '2022-06-28 21:19:02'),
(233, 8, '05', 2022, '2022-05-16', '--:--', '--:--', '--:--', '0', '', 'A', '2022-06-28 21:12:02', '2022-06-28 21:13:03'),
(234, 8, '05', 2022, '2022-05-17', '08:37', '18:14', '--:--', '0', '', 'P', '2022-06-28 21:12:02', '2022-06-28 21:12:02'),
(235, 8, '05', 2022, '2022-05-18', '09:15', '18:00', '--:--', '0', '', 'P', '2022-06-28 21:12:02', '2022-06-28 21:12:02'),
(236, 8, '05', 2022, '2022-05-19', '08:37', '17:53', '--:--', '0', '', 'P', '2022-06-28 21:12:02', '2022-06-28 21:12:02'),
(237, 8, '05', 2022, '2022-05-20', '--:--', '--:--', '--:--', '0', 'Weekend', 'W', '2022-06-28 21:12:02', '2022-06-28 21:19:02'),
(238, 8, '05', 2022, '2022-05-21', '--:--', '--:--', '--:--', '0', '', 'A', '2022-06-28 21:12:02', '2022-06-28 21:13:03'),
(239, 8, '05', 2022, '2022-05-22', '09:10', '18:00', '--:--', '0', '', 'P', '2022-06-28 21:12:02', '2022-06-28 21:12:02'),
(240, 8, '05', 2022, '2022-05-23', '09:09', '17:56', '--:--', '0', '', 'P', '2022-06-28 21:12:02', '2022-06-28 21:12:02'),
(241, 8, '05', 2022, '2022-05-24', '08:40', '18:00', '--:--', '0', '', 'P', '2022-06-28 21:12:02', '2022-06-28 21:12:02'),
(242, 8, '05', 2022, '2022-05-25', '10:18', '18:01', '01:03', '0', 'Late in', 'L', '2022-06-28 21:12:02', '2022-06-28 21:13:03'),
(243, 8, '05', 2022, '2022-05-26', '--:--', '--:--', '--:--', '0', '', 'A', '2022-06-28 21:12:02', '2022-06-28 21:13:03'),
(244, 8, '05', 2022, '2022-05-27', '--:--', '--:--', '--:--', '0', 'Weekend', 'W', '2022-06-28 21:12:02', '2022-06-28 21:19:02'),
(245, 8, '05', 2022, '2022-05-28', '--:--', '--:--', '--:--', '0', '', 'A', '2022-06-28 21:12:02', '2022-06-28 21:13:03'),
(246, 8, '05', 2022, '2022-05-29', '09:08', '18:00', '--:--', '0', '', 'P', '2022-06-28 21:12:02', '2022-06-28 21:12:02'),
(247, 8, '05', 2022, '2022-05-30', '09:05', '18:05', '--:--', '0', '', 'P', '2022-06-28 21:12:02', '2022-06-28 21:12:02'),
(248, 8, '05', 2022, '2022-05-31', '09:10', '--:--', '--:--', '0', '', 'P', '2022-06-28 21:12:02', '2022-06-28 21:12:02'),
(249, 9, '05', 2022, '2022-05-01', '--:--', '--:--', '--:--', '0', 'May Day', 'H', '2022-06-28 21:12:02', '2022-06-28 21:19:02'),
(250, 9, '05', 2022, '2022-05-02', '--:--', '--:--', '--:--', '0', 'Eid ul-Fitr Holiday', 'H', '2022-06-28 21:12:02', '2022-06-28 21:19:02'),
(251, 9, '05', 2022, '2022-05-03', '--:--', '--:--', '--:--', '0', 'Eid ul-Fitr Holiday', 'H', '2022-06-28 21:12:02', '2022-06-28 21:19:02'),
(252, 9, '05', 2022, '2022-05-04', '--:--', '--:--', '--:--', '0', 'Eid ul-Fitr Holiday', 'H', '2022-06-28 21:12:02', '2022-06-28 21:19:02'),
(253, 9, '05', 2022, '2022-05-05', '--:--', '--:--', '--:--', '0', 'Eid ul-Fitr Holiday', 'H', '2022-06-28 21:12:02', '2022-06-28 21:19:02'),
(254, 9, '05', 2022, '2022-05-06', '--:--', '--:--', '--:--', '0', 'Weekend', 'W', '2022-06-28 21:12:02', '2022-06-28 21:19:02'),
(255, 9, '05', 2022, '2022-05-07', '--:--', '--:--', '--:--', '0', '', 'A', '2022-06-28 21:12:02', '2022-06-28 21:13:03'),
(256, 9, '05', 2022, '2022-05-08', '--:--', '--:--', '--:--', '0', '', 'A', '2022-06-28 21:12:02', '2022-06-28 21:13:03'),
(257, 9, '05', 2022, '2022-05-09', '--:--', '--:--', '--:--', '0', '', 'A', '2022-06-28 21:12:02', '2022-06-28 21:13:03'),
(258, 9, '05', 2022, '2022-05-10', '--:--', '--:--', '--:--', '0', '', 'A', '2022-06-28 21:12:02', '2022-06-28 21:13:03'),
(259, 9, '05', 2022, '2022-05-11', '--:--', '--:--', '--:--', '0', '', 'A', '2022-06-28 21:12:02', '2022-06-28 21:13:03'),
(260, 9, '05', 2022, '2022-05-12', '--:--', '--:--', '--:--', '0', '', 'A', '2022-06-28 21:12:02', '2022-06-28 21:13:03'),
(261, 9, '05', 2022, '2022-05-13', '--:--', '--:--', '--:--', '0', 'Weekend', 'W', '2022-06-28 21:12:02', '2022-06-28 21:19:03'),
(262, 9, '05', 2022, '2022-05-14', '--:--', '--:--', '--:--', '0', '', 'A', '2022-06-28 21:12:02', '2022-06-28 21:13:03'),
(263, 9, '05', 2022, '2022-05-15', '--:--', '--:--', '--:--', '0', 'Buddha Purnima', 'H', '2022-06-28 21:12:02', '2022-06-28 21:19:03'),
(264, 9, '05', 2022, '2022-05-16', '--:--', '--:--', '--:--', '0', '', 'A', '2022-06-28 21:12:02', '2022-06-28 21:13:03'),
(265, 9, '05', 2022, '2022-05-17', '--:--', '--:--', '--:--', '0', '', 'A', '2022-06-28 21:12:02', '2022-06-28 21:13:03'),
(266, 9, '05', 2022, '2022-05-18', '--:--', '--:--', '--:--', '0', '', 'A', '2022-06-28 21:12:02', '2022-06-28 21:13:03'),
(267, 9, '05', 2022, '2022-05-19', '--:--', '--:--', '--:--', '0', '', 'A', '2022-06-28 21:12:02', '2022-06-28 21:13:03'),
(268, 9, '05', 2022, '2022-05-20', '--:--', '--:--', '--:--', '0', 'Weekend', 'W', '2022-06-28 21:12:02', '2022-06-28 21:19:03'),
(269, 9, '05', 2022, '2022-05-21', '--:--', '--:--', '--:--', '0', '', 'A', '2022-06-28 21:12:02', '2022-06-28 21:13:03'),
(270, 9, '05', 2022, '2022-05-22', '--:--', '--:--', '--:--', '0', '', 'A', '2022-06-28 21:12:02', '2022-06-28 21:13:03'),
(271, 9, '05', 2022, '2022-05-23', '--:--', '--:--', '--:--', '0', '', 'A', '2022-06-28 21:12:02', '2022-06-28 21:13:03'),
(272, 9, '05', 2022, '2022-05-24', '--:--', '--:--', '--:--', '0', '', 'A', '2022-06-28 21:12:02', '2022-06-28 21:13:03'),
(273, 9, '05', 2022, '2022-05-25', '--:--', '--:--', '--:--', '0', '', 'A', '2022-06-28 21:12:02', '2022-06-28 21:13:03'),
(274, 9, '05', 2022, '2022-05-26', '--:--', '--:--', '--:--', '0', '', 'A', '2022-06-28 21:12:02', '2022-06-28 21:13:03'),
(275, 9, '05', 2022, '2022-05-27', '--:--', '--:--', '--:--', '0', 'Weekend', 'W', '2022-06-28 21:12:02', '2022-06-28 21:19:03'),
(276, 9, '05', 2022, '2022-05-28', '--:--', '--:--', '--:--', '0', '', 'A', '2022-06-28 21:12:02', '2022-06-28 21:13:03'),
(277, 9, '05', 2022, '2022-05-29', '--:--', '--:--', '--:--', '0', '', 'A', '2022-06-28 21:12:02', '2022-06-28 21:13:03'),
(278, 9, '05', 2022, '2022-05-30', '--:--', '--:--', '--:--', '0', '', 'A', '2022-06-28 21:12:02', '2022-06-28 21:13:03'),
(279, 9, '05', 2022, '2022-05-31', '--:--', '--:--', '--:--', '0', '', 'A', '2022-06-28 21:12:02', '2022-06-28 21:13:03');

-- --------------------------------------------------------

--
-- Table structure for table `attendance_logs`
--

CREATE TABLE `attendance_logs` (
  `id` bigint(20) UNSIGNED NOT NULL,
  `employee_id` int(11) NOT NULL,
  `attendance_date` date NOT NULL,
  `attendance_in` varchar(255) COLLATE utf8mb4_unicode_ci DEFAULT NULL,
  `attendance_out` varchar(255) COLLATE utf8mb4_unicode_ci DEFAULT NULL,
  `status` varchar(25) COLLATE utf8mb4_unicode_ci NOT NULL DEFAULT 'Y',
  `remarks` text COLLATE utf8mb4_unicode_ci,
  `created_at` timestamp NULL DEFAULT NULL,
  `updated_at` timestamp NULL DEFAULT NULL
) ENGINE=InnoDB DEFAULT CHARSET=utf8mb4 COLLATE=utf8mb4_unicode_ci;

--
-- Dumping data for table `attendance_logs`
--

INSERT INTO `attendance_logs` (`id`, `employee_id`, `attendance_date`, `attendance_in`, `attendance_out`, `status`, `remarks`, `created_at`, `updated_at`) VALUES
(1, 1, '2022-05-09', '08:39', '18:14', 'Y', NULL, '2022-06-26 03:46:25', '2022-06-27 20:45:29'),
(2, 1, '2022-05-10', '09:30', '18:19', 'Y', NULL, '2022-06-26 03:46:25', '2022-06-27 20:45:29'),
(3, 1, '2022-05-14', '08:55', '18:08', 'Y', NULL, '2022-06-26 03:46:25', '2022-06-27 20:45:29'),
(4, 1, '2022-05-16', '09:05', '18:35', 'Y', NULL, '2022-06-26 03:46:25', '2022-06-27 20:45:29'),
(5, 1, '2022-05-18', '09:07', '18:00', 'Y', NULL, '2022-06-26 03:46:25', '2022-06-27 20:45:29'),
(6, 1, '2022-05-22', '09:06', '', 'Y', NULL, '2022-06-26 03:46:25', '2022-06-26 03:46:25'),
(7, 1, '2022-05-23', '09:03', '', 'Y', NULL, '2022-06-26 03:46:25', '2022-06-26 03:46:25'),
(8, 1, '2022-05-24', '08:59', '18:07', 'Y', NULL, '2022-06-26 03:46:25', '2022-06-27 20:45:29'),
(9, 1, '2022-05-25', '09:03', '17:59', 'Y', NULL, '2022-06-26 03:46:25', '2022-06-27 20:45:29'),
(10, 1, '2022-05-28', '09:01', '18:06', 'Y', NULL, '2022-06-26 03:46:25', '2022-06-27 20:45:29'),
(11, 1, '2022-05-29', '09:06', '18:00', 'Y', NULL, '2022-06-26 03:46:25', '2022-06-27 20:45:29'),
(12, 1, '2022-05-30', '08:58', '18:01', 'Y', NULL, '2022-06-26 03:46:25', '2022-06-27 20:45:29'),
(13, 1, '2022-05-31', '09:57', '18:11', 'Y', NULL, '2022-06-26 03:46:25', '2022-06-27 20:45:29'),
(14, 2, '2022-05-08', '', '17:27', 'Y', NULL, '2022-06-26 03:46:25', '2022-06-26 03:46:25'),
(15, 4, '2022-05-10', '', '18:19', 'Y', NULL, '2022-06-26 03:46:25', '2022-06-26 03:46:25'),
(16, 4, '2022-05-12', '11:54', '', 'Y', NULL, '2022-06-26 03:46:25', '2022-06-26 03:46:25'),
(17, 4, '2022-05-14', '08:38', '18:09', 'Y', NULL, '2022-06-26 03:46:25', '2022-06-27 20:45:29'),
(18, 4, '2022-05-17', '09:11', '', 'Y', NULL, '2022-06-26 03:46:25', '2022-06-26 03:46:25'),
(19, 4, '2022-05-19', '08:54', '', 'Y', NULL, '2022-06-26 03:46:25', '2022-06-26 03:46:25'),
(20, 4, '2022-05-22', '09:14', '', 'Y', NULL, '2022-06-26 03:46:25', '2022-06-26 03:46:25'),
(21, 4, '2022-05-23', '09:47', '', 'Y', NULL, '2022-06-26 03:46:25', '2022-06-26 03:46:25'),
(22, 4, '2022-05-24', '', '15:08', 'Y', NULL, '2022-06-26 03:46:25', '2022-06-26 03:46:25'),
(23, 4, '2022-05-25', '', '13:00', 'Y', NULL, '2022-06-26 03:46:25', '2022-06-27 20:45:29'),
(24, 4, '2022-05-30', '', '18:01', 'Y', NULL, '2022-06-26 03:46:25', '2022-06-27 20:45:29'),
(25, 4, '2022-05-31', '', '18:11', 'Y', NULL, '2022-06-26 03:46:25', '2022-06-26 03:46:25'),
(26, 5, '2022-05-08', NULL, '17:27', 'Y', NULL, '2022-06-26 03:46:25', '2022-06-27 20:51:05'),
(27, 5, '2022-05-09', NULL, '18:14', 'Y', NULL, '2022-06-26 03:46:25', '2022-06-27 20:51:05'),
(28, 5, '2022-05-11', NULL, '18:38', 'Y', NULL, '2022-06-26 03:46:25', '2022-06-27 20:51:05'),
(29, 5, '2022-05-12', NULL, '19:45', 'Y', NULL, '2022-06-26 03:46:25', '2022-06-27 20:51:05'),
(30, 5, '2022-05-14', NULL, '18:30', 'Y', NULL, '2022-06-26 03:46:25', '2022-06-27 20:51:05'),
(31, 5, '2022-05-15', NULL, '20:48', 'Y', NULL, '2022-06-26 03:46:25', '2022-06-27 20:51:05'),
(32, 5, '2022-05-18', '10:50', '19:01', 'Y', NULL, '2022-06-26 03:46:25', '2022-06-27 20:45:29'),
(33, 5, '2022-05-19', '09:14', NULL, 'Y', NULL, '2022-06-26 03:46:25', '2022-06-27 20:51:05'),
(34, 5, '2022-05-22', NULL, '18:43', 'Y', NULL, '2022-06-26 03:46:25', '2022-06-27 20:51:05'),
(35, 5, '2022-05-23', '09:04', '18:27', 'Y', NULL, '2022-06-26 03:46:25', '2022-06-27 20:45:29'),
(36, 5, '2022-05-24', '08:52', '18:10', 'Y', NULL, '2022-06-26 03:46:25', '2022-06-27 20:45:29'),
(37, 5, '2022-05-25', '09:07', '18:39', 'Y', NULL, '2022-06-26 03:46:25', '2022-06-27 20:45:29'),
(38, 5, '2022-05-30', '09:01', NULL, 'Y', NULL, '2022-06-26 03:46:25', '2022-06-27 20:51:05'),
(39, 5, '2022-05-31', '08:20', '20:00', 'Y', NULL, '2022-06-26 03:46:25', '2022-06-27 20:45:29'),
(40, 6, '2022-05-08', '09:01', '18:06', 'Y', NULL, '2022-06-26 03:46:25', '2022-06-27 20:45:29'),
(41, 6, '2022-05-09', '08:46', '18:01', 'Y', NULL, '2022-06-26 03:46:25', '2022-06-27 20:45:29'),
(42, 6, '2022-05-10', '09:12', '18:05', 'Y', NULL, '2022-06-26 03:46:25', '2022-06-27 20:45:29'),
(43, 6, '2022-05-11', '08:32', '18:00', 'Y', NULL, '2022-06-26 03:46:25', '2022-06-27 20:45:29'),
(44, 6, '2022-05-12', '08:38', '18:00', 'Y', NULL, '2022-06-26 03:46:25', '2022-06-27 20:45:29'),
(45, 6, '2022-05-17', '08:37', '18:14', 'Y', NULL, '2022-06-26 03:46:25', '2022-06-27 20:45:29'),
(46, 6, '2022-05-18', '09:15', '18:00', 'Y', NULL, '2022-06-26 03:46:25', '2022-06-27 20:45:29'),
(47, 6, '2022-05-19', '08:37', '17:53', 'Y', NULL, '2022-06-26 03:46:25', '2022-06-27 20:45:29'),
(48, 6, '2022-05-22', '09:10', '18:00', 'Y', NULL, '2022-06-26 03:46:25', '2022-06-27 20:45:29'),
(49, 6, '2022-05-23', '09:09', '17:56', 'Y', NULL, '2022-06-26 03:46:25', '2022-06-27 20:45:29'),
(50, 6, '2022-05-24', '08:40', '18:00', 'Y', NULL, '2022-06-26 03:46:25', '2022-06-27 20:45:29'),
(51, 6, '2022-05-25', '10:18', '18:01', 'Y', NULL, '2022-06-26 03:46:25', '2022-06-27 20:45:29'),
(52, 6, '2022-05-29', '09:08', '18:00', 'Y', NULL, '2022-06-26 03:46:25', '2022-06-27 20:45:29'),
(53, 6, '2022-05-30', '09:05', '18:05', 'Y', NULL, '2022-06-26 03:46:25', '2022-06-27 20:45:29'),
(54, 6, '2022-05-31', '09:10', '', 'Y', NULL, '2022-06-26 03:46:25', '2022-06-26 03:46:25'),
(55, 8, '2022-05-14', '09:06', '', 'Y', NULL, '2022-06-26 03:46:25', '2022-06-26 03:46:25'),
(56, 8, '2022-05-22', '09:14', '', 'Y', NULL, '2022-06-26 03:46:25', '2022-06-26 03:46:25'),
(57, 8, '2022-05-25', '09:07', '', 'Y', NULL, '2022-06-26 03:46:25', '2022-06-26 03:46:25'),
(58, 8, '2022-05-31', '09:14', '', 'Y', NULL, '2022-06-26 03:46:25', '2022-06-26 03:46:25'),
(59, 9, '2022-05-10', '11:12', '', 'Y', NULL, '2022-06-26 03:46:25', '2022-06-26 03:46:25'),
(60, 9, '2022-05-23', '08:49', '', 'Y', NULL, '2022-06-26 03:46:25', '2022-06-26 03:46:25'),
(61, 9, '2022-05-24', '09:14', '', 'Y', NULL, '2022-06-26 03:46:25', '2022-06-26 03:46:25'),
(62, 11, '2022-05-07', '09:09', '18:07', 'Y', NULL, '2022-06-26 03:46:25', '2022-06-27 20:45:29'),
(63, 11, '2022-05-08', '08:59', '18:06', 'Y', NULL, '2022-06-26 03:46:25', '2022-06-27 20:45:29'),
(64, 11, '2022-05-09', '08:58', '18:01', 'Y', NULL, '2022-06-26 03:46:25', '2022-06-27 20:45:29'),
(65, 11, '2022-05-10', '09:02', '18:09', 'Y', NULL, '2022-06-26 03:46:25', '2022-06-27 20:45:29'),
(66, 11, '2022-05-11', '09:06', '18:13', 'Y', NULL, '2022-06-26 03:46:25', '2022-06-27 20:45:29'),
(67, 11, '2022-05-12', '09:04', '18:13', 'Y', NULL, '2022-06-26 03:46:25', '2022-06-27 20:45:29'),
(68, 11, '2022-05-14', '09:12', '18:12', 'Y', NULL, '2022-06-26 03:46:25', '2022-06-27 20:45:29'),
(69, 11, '2022-05-16', '09:13', '18:15', 'Y', NULL, '2022-06-26 03:46:25', '2022-06-27 20:45:29'),
(70, 11, '2022-05-17', '09:20', '18:06', 'Y', NULL, '2022-06-26 03:46:25', '2022-06-27 20:45:29'),
(71, 11, '2022-05-18', '09:11', '18:09', 'Y', NULL, '2022-06-26 03:46:25', '2022-06-27 20:45:29'),
(72, 11, '2022-05-19', '09:11', '18:22', 'Y', NULL, '2022-06-26 03:46:25', '2022-06-27 20:45:29'),
(73, 11, '2022-05-21', '09:11', '18:16', 'Y', NULL, '2022-06-26 03:46:25', '2022-06-27 20:45:29'),
(74, 11, '2022-05-22', '09:12', '18:30', 'Y', NULL, '2022-06-26 03:46:25', '2022-06-27 20:45:29'),
(75, 11, '2022-05-23', '09:12', '18:27', 'Y', NULL, '2022-06-26 03:46:25', '2022-06-27 20:45:29'),
(76, 11, '2022-05-24', '09:07', '18:07', 'Y', NULL, '2022-06-26 03:46:25', '2022-06-27 20:45:29'),
(77, 11, '2022-05-25', '09:12', '18:17', 'Y', NULL, '2022-06-26 03:46:25', '2022-06-27 20:45:29'),
(78, 11, '2022-05-26', '09:08', '18:22', 'Y', NULL, '2022-06-26 03:46:25', '2022-06-27 20:45:29'),
(79, 11, '2022-05-28', '09:02', '18:10', 'Y', NULL, '2022-06-26 03:46:25', '2022-06-27 02:35:13'),
(80, 11, '2022-05-29', '09:08', '18:02', 'Y', NULL, '2022-06-26 03:46:25', '2022-06-27 20:45:29'),
(81, 11, '2022-05-30', '09:10', '18:03', 'Y', NULL, '2022-06-26 03:46:25', '2022-06-27 20:45:29'),
(82, 11, '2022-05-31', '09:08', '18:11', 'Y', NULL, '2022-06-26 03:46:25', '2022-06-27 20:45:29'),
(83, 17, '2022-05-07', '09:51', '18:07', 'Y', NULL, '2022-06-26 03:46:25', '2022-06-27 20:45:29'),
(84, 17, '2022-05-08', '09:09', '18:09', 'Y', NULL, '2022-06-26 03:46:25', '2022-06-27 20:45:29'),
(85, 17, '2022-05-10', '09:10', '18:09', 'Y', NULL, '2022-06-26 03:46:25', '2022-06-27 20:45:29'),
(86, 17, '2022-05-11', '09:14', '18:14', 'Y', NULL, '2022-06-26 03:46:25', '2022-06-27 20:45:29'),
(87, 17, '2022-05-12', '09:18', '18:15', 'Y', NULL, '2022-06-26 03:46:25', '2022-06-27 20:45:29'),
(88, 17, '2022-05-16', '09:22', '18:12', 'Y', NULL, '2022-06-26 03:46:25', '2022-06-27 20:45:29'),
(89, 17, '2022-05-17', '09:16', '18:06', 'Y', NULL, '2022-06-26 03:46:25', '2022-06-27 20:45:29'),
(90, 17, '2022-05-18', '09:34', '18:09', 'Y', NULL, '2022-06-26 03:46:25', '2022-06-27 20:45:29'),
(91, 17, '2022-05-21', '09:11', '18:16', 'Y', NULL, '2022-06-26 03:46:25', '2022-06-27 20:45:29'),
(92, 17, '2022-05-22', '09:21', '18:23', 'Y', NULL, '2022-06-26 03:46:25', '2022-06-27 20:45:29'),
(93, 17, '2022-05-23', '09:00', '18:27', 'Y', NULL, '2022-06-26 03:46:25', '2022-06-27 20:45:29'),
(94, 17, '2022-05-24', '09:00', '18:11', 'Y', NULL, '2022-06-26 03:46:25', '2022-06-27 20:45:29'),
(95, 17, '2022-05-25', '09:09', '18:08', 'Y', NULL, '2022-06-26 03:46:25', '2022-06-27 20:45:29'),
(96, 17, '2022-05-26', '09:08', '18:07', 'Y', NULL, '2022-06-26 03:46:25', '2022-06-27 20:45:29'),
(97, 17, '2022-05-28', '09:09', '17:32', 'Y', NULL, '2022-06-26 03:46:25', '2022-06-27 20:45:29'),
(98, 17, '2022-05-29', '09:04', '18:01', 'Y', NULL, '2022-06-26 03:46:25', '2022-06-27 20:45:29'),
(99, 17, '2022-05-30', '08:50', '18:04', 'Y', NULL, '2022-06-26 03:46:25', '2022-06-27 20:45:29'),
(100, 17, '2022-05-31', '09:02', '18:11', 'Y', NULL, '2022-06-26 03:46:25', '2022-06-27 20:45:29'),
(101, 11, '2022-05-01', '00:00', '00:00', 'Y', NULL, '2022-06-27 02:35:01', '2022-06-27 02:35:13'),
(102, 11, '2022-05-02', '00:00', '00:00', 'Y', NULL, '2022-06-27 02:35:01', '2022-06-27 02:35:13'),
(103, 11, '2022-05-03', '00:00', '00:00', 'Y', NULL, '2022-06-27 02:35:01', '2022-06-27 02:35:13'),
(104, 11, '2022-05-04', '00:00', '00:00', 'Y', NULL, '2022-06-27 02:35:01', '2022-06-27 02:35:14'),
(105, 11, '2022-05-05', '00:00', '00:00', 'Y', NULL, '2022-06-27 02:35:01', '2022-06-27 02:35:14'),
(106, 11, '2022-05-06', '00:00', '00:00', 'Y', NULL, '2022-06-27 02:35:01', '2022-06-27 02:35:14'),
(107, 11, '2022-05-13', '00:00', '00:00', 'Y', NULL, '2022-06-27 02:35:01', '2022-06-27 02:35:14'),
(108, 11, '2022-05-15', '00:00', '00:00', 'Y', NULL, '2022-06-27 02:35:01', '2022-06-27 02:35:14'),
(109, 11, '2022-05-20', '00:00', '00:00', 'Y', NULL, '2022-06-27 02:35:01', '2022-06-27 02:35:14'),
(110, 11, '2022-05-27', '00:00', '00:00', 'Y', NULL, '2022-06-27 02:35:01', '2022-06-27 02:35:14'),
(111, 5, '2022-05-01', '00:00', '00:00', 'Y', NULL, '2022-06-27 20:51:05', '2022-06-27 20:51:28'),
(112, 5, '2022-05-02', '00:00', '00:00', 'Y', NULL, '2022-06-27 20:51:05', '2022-06-27 20:51:28'),
(113, 5, '2022-05-03', '00:00', '00:00', 'Y', NULL, '2022-06-27 20:51:05', '2022-06-27 20:51:28'),
(114, 5, '2022-05-04', '00:00', '00:00', 'Y', NULL, '2022-06-27 20:51:05', '2022-06-27 20:51:28'),
(115, 5, '2022-05-05', '00:00', '00:00', 'Y', NULL, '2022-06-27 20:51:05', '2022-06-27 20:51:28'),
(116, 5, '2022-05-06', '00:00', '00:00', 'Y', NULL, '2022-06-27 20:51:05', '2022-06-27 20:51:28'),
(117, 5, '2022-05-07', '00:00', '00:00', 'Y', NULL, '2022-06-27 20:51:05', '2022-06-27 20:51:28'),
(118, 5, '2022-05-10', '00:00', '00:00', 'Y', NULL, '2022-06-27 20:51:05', '2022-06-27 20:51:28'),
(119, 5, '2022-05-13', '00:00', '00:00', 'Y', NULL, '2022-06-27 20:51:05', '2022-06-27 20:51:28'),
(120, 5, '2022-05-16', '00:00', '00:00', 'Y', NULL, '2022-06-27 20:51:05', '2022-06-27 20:51:28'),
(121, 5, '2022-05-17', '00:00', '00:00', 'Y', NULL, '2022-06-27 20:51:05', '2022-06-27 20:51:28'),
(122, 5, '2022-05-20', '00:00', '00:00', 'Y', NULL, '2022-06-27 20:51:05', '2022-06-27 20:51:28'),
(123, 5, '2022-05-21', '00:00', '00:00', 'Y', NULL, '2022-06-27 20:51:05', '2022-06-27 20:51:28'),
(124, 5, '2022-05-26', '00:00', '00:00', 'Y', NULL, '2022-06-27 20:51:05', '2022-06-27 20:51:28'),
(125, 5, '2022-05-27', '00:00', '00:00', 'Y', NULL, '2022-06-27 20:51:05', '2022-06-27 20:51:28'),
(126, 5, '2022-05-28', '00:00', '00:00', 'Y', NULL, '2022-06-27 20:51:05', '2022-06-27 20:51:28'),
(127, 5, '2022-05-29', '00:00', '00:00', 'Y', NULL, '2022-06-27 20:51:05', '2022-06-27 20:51:28'),
(128, 1234, '2022-06-28', '09:00', '18:00', 'Y', 'first office', '2022-06-27 21:44:29', '2022-06-28 03:22:32'),
(129, 17, '2022-05-01', '00:00', '00:00', 'Y', NULL, '2022-06-28 03:22:13', '2022-06-28 03:22:32'),
(130, 17, '2022-05-02', '00:00', '00:00', 'Y', NULL, '2022-06-28 03:22:13', '2022-06-28 03:22:32'),
(131, 17, '2022-05-03', '00:00', '00:00', 'Y', NULL, '2022-06-28 03:22:13', '2022-06-28 03:22:32'),
(132, 17, '2022-05-04', '00:00', '00:00', 'Y', NULL, '2022-06-28 03:22:13', '2022-06-28 03:22:32'),
(133, 17, '2022-05-05', '00:00', '00:00', 'Y', NULL, '2022-06-28 03:22:13', '2022-06-28 03:22:32'),
(134, 17, '2022-05-06', '00:00', '00:00', 'Y', NULL, '2022-06-28 03:22:13', '2022-06-28 03:22:32'),
(135, 17, '2022-05-09', '09:00', '18:00', 'Y', NULL, '2022-06-28 03:22:13', '2022-06-28 03:39:44'),
(136, 17, '2022-05-13', '00:00', '00:00', 'Y', NULL, '2022-06-28 03:22:13', '2022-06-28 03:22:32'),
(137, 17, '2022-05-14', '00:00', '00:00', 'Y', NULL, '2022-06-28 03:22:13', '2022-06-28 03:22:32'),
(138, 17, '2022-05-15', '00:00', '00:00', 'Y', NULL, '2022-06-28 03:22:13', '2022-06-28 03:22:32'),
(139, 17, '2022-05-19', '00:00', '00:00', 'Y', NULL, '2022-06-28 03:22:13', '2022-06-28 03:22:32'),
(140, 17, '2022-05-20', '00:00', '00:00', 'Y', NULL, '2022-06-28 03:22:13', '2022-06-28 03:22:32'),
(141, 17, '2022-05-27', '00:00', '00:00', 'Y', NULL, '2022-06-28 03:22:13', '2022-06-28 03:22:32');

-- --------------------------------------------------------

--
-- Table structure for table `attendance_summaries`
--

CREATE TABLE `attendance_summaries` (
  `id` bigint(20) UNSIGNED NOT NULL,
  `employee_id` bigint(20) UNSIGNED NOT NULL,
  `attendance_month` varchar(255) COLLATE utf8mb4_unicode_ci NOT NULL,
  `attendance_year` year(4) NOT NULL,
  `number_of_days` int(11) NOT NULL DEFAULT '0',
  `weekend` int(11) NOT NULL DEFAULT '0',
  `holiday` int(11) NOT NULL DEFAULT '0',
  `need_to_work` int(11) NOT NULL DEFAULT '0',
  `present` int(11) NOT NULL DEFAULT '0',
  `late` int(11) NOT NULL DEFAULT '0',
  `absent` int(11) NOT NULL DEFAULT '0',
  `unpaid_leave` int(11) NOT NULL DEFAULT '0',
  `paid_leave` int(11) NOT NULL DEFAULT '0',
  `need_to_pay` int(11) NOT NULL DEFAULT '0',
  `created_at` timestamp NULL DEFAULT NULL,
  `updated_at` timestamp NULL DEFAULT NULL
) ENGINE=InnoDB DEFAULT CHARSET=utf8mb4 COLLATE=utf8mb4_unicode_ci;

--
-- Dumping data for table `attendance_summaries`
--

INSERT INTO `attendance_summaries` (`id`, `employee_id`, `attendance_month`, `attendance_year`, `number_of_days`, `weekend`, `holiday`, `need_to_work`, `present`, `late`, `absent`, `unpaid_leave`, `paid_leave`, `need_to_pay`, `created_at`, `updated_at`) VALUES
(1, 1, '05', 2022, 31, 4, 6, 21, 12, 1, 8, 0, 0, 23, '2022-06-26 03:46:02', '2022-06-28 21:19:03'),
(2, 2, '05', 2022, 31, 4, 6, 21, 9, 2, 10, 0, 0, 21, '2022-06-26 03:46:02', '2022-06-28 21:19:03'),
(3, 3, '05', 2022, 31, 4, 6, 21, 11, 2, 8, 0, 0, 23, '2022-06-26 03:46:02', '2022-06-28 21:19:03'),
(4, 4, '05', 2022, 31, 4, 6, 21, 20, 1, 0, 0, 0, 31, '2022-06-26 03:46:03', '2022-06-28 21:13:03'),
(5, 5, '05', 2022, 31, 4, 6, 21, 4, 0, 17, 0, 0, 14, '2022-06-26 03:46:03', '2022-06-28 21:19:03'),
(6, 6, '05', 2022, 31, 4, 6, 21, 2, 1, 18, 0, 0, 13, '2022-06-26 03:46:03', '2022-06-28 21:19:03'),
(7, 7, '05', 2022, 31, 4, 6, 21, 12, 6, 2, 0, 1, 29, '2022-06-26 03:46:03', '2022-06-28 21:19:03'),
(8, 8, '05', 2022, 31, 4, 6, 21, 14, 1, 6, 0, 0, 25, '2022-06-26 03:46:03', '2022-06-28 21:19:03'),
(9, 1, '06', 2022, 30, 0, 0, 30, 30, 0, 0, 0, 0, 30, '2022-06-27 21:00:05', '2022-06-28 21:09:04'),
(10, 2, '06', 2022, 30, 0, 0, 30, 30, 0, 0, 0, 0, 30, '2022-06-27 21:00:06', '2022-06-28 21:09:04'),
(11, 3, '06', 2022, 30, 0, 0, 30, 30, 0, 0, 0, 0, 30, '2022-06-27 21:00:06', '2022-06-28 21:09:04'),
(12, 4, '06', 2022, 30, 0, 0, 30, 30, 0, 0, 0, 0, 30, '2022-06-27 21:00:06', '2022-06-28 21:09:04'),
(13, 5, '06', 2022, 30, 0, 0, 30, 30, 0, 0, 0, 0, 30, '2022-06-27 21:00:06', '2022-06-28 21:09:04'),
(14, 6, '06', 2022, 30, 0, 0, 30, 30, 0, 0, 0, 0, 30, '2022-06-27 21:00:06', '2022-06-28 21:09:04'),
(15, 7, '06', 2022, 30, 0, 0, 30, 30, 0, 0, 0, 0, 30, '2022-06-27 21:00:06', '2022-06-28 21:09:04'),
(16, 8, '06', 2022, 30, 0, 0, 30, 30, 0, 0, 0, 0, 30, '2022-06-27 21:00:06', '2022-06-28 21:09:04'),
(17, 9, '05', 2022, 31, 4, 6, 21, 0, 0, 21, 0, 0, 10, '2022-06-27 21:30:05', '2022-06-28 21:19:03'),
(18, 9, '06', 2022, 30, 0, 0, 30, 30, 0, 0, 0, 0, 30, '2022-06-27 21:30:06', '2022-06-28 21:09:04');

-- --------------------------------------------------------

--
-- Table structure for table `bank_information`
--

CREATE TABLE `bank_information` (
  `id` bigint(20) UNSIGNED NOT NULL,
  `employee_id` bigint(20) UNSIGNED NOT NULL,
  `account_name` varchar(255) COLLATE utf8mb4_unicode_ci DEFAULT NULL,
  `account_number` varchar(255) COLLATE utf8mb4_unicode_ci DEFAULT NULL,
  `bank_name` varchar(255) COLLATE utf8mb4_unicode_ci DEFAULT NULL,
  `bank_branch_name` varchar(255) COLLATE utf8mb4_unicode_ci DEFAULT NULL,
  `bank_address` text COLLATE utf8mb4_unicode_ci,
  `swift_code` varchar(255) COLLATE utf8mb4_unicode_ci DEFAULT NULL,
  `created_at` timestamp NULL DEFAULT NULL,
  `updated_at` timestamp NULL DEFAULT NULL
) ENGINE=InnoDB DEFAULT CHARSET=utf8mb4 COLLATE=utf8mb4_unicode_ci;

--
-- Dumping data for table `bank_information`
--

INSERT INTO `bank_information` (`id`, `employee_id`, `account_name`, `account_number`, `bank_name`, `bank_branch_name`, `bank_address`, `swift_code`, `created_at`, `updated_at`) VALUES
(1, 1, NULL, NULL, NULL, NULL, NULL, NULL, '2022-05-25 03:04:38', '2022-05-25 03:04:38'),
(2, 2, NULL, NULL, NULL, NULL, NULL, NULL, '2022-05-25 03:08:42', '2022-05-25 03:08:42'),
(3, 3, NULL, NULL, NULL, NULL, NULL, NULL, '2022-05-25 03:15:36', '2022-05-25 03:15:36'),
(4, 4, NULL, NULL, NULL, NULL, NULL, NULL, '2022-05-25 03:20:40', '2022-05-25 03:20:40'),
(5, 5, NULL, NULL, NULL, NULL, NULL, NULL, '2022-05-25 03:26:47', '2022-05-25 03:26:47'),
(6, 6, NULL, NULL, NULL, NULL, NULL, NULL, '2022-05-25 03:47:02', '2022-05-25 03:47:02'),
(7, 7, NULL, NULL, NULL, NULL, NULL, NULL, '2022-05-25 03:50:13', '2022-05-25 03:50:13'),
(9, 9, NULL, NULL, NULL, NULL, NULL, NULL, '2022-06-27 21:25:47', '2022-06-27 21:25:47');

-- --------------------------------------------------------

--
-- Table structure for table `blood_groups`
--

CREATE TABLE `blood_groups` (
  `id` bigint(20) UNSIGNED NOT NULL,
  `title` varchar(255) COLLATE utf8mb4_unicode_ci NOT NULL,
  `status` enum('active','inactive') COLLATE utf8mb4_unicode_ci NOT NULL,
  `created_at` timestamp NULL DEFAULT NULL,
  `updated_at` timestamp NULL DEFAULT NULL
) ENGINE=InnoDB DEFAULT CHARSET=utf8mb4 COLLATE=utf8mb4_unicode_ci;

-- --------------------------------------------------------

--
-- Table structure for table `commission_payments`
--

CREATE TABLE `commission_payments` (
  `id` bigint(20) UNSIGNED NOT NULL,
  `employee_id` bigint(20) UNSIGNED NOT NULL,
  `payment_month` varchar(255) COLLATE utf8mb4_unicode_ci NOT NULL,
  `payment_year` year(4) NOT NULL,
  `amount` double DEFAULT '0',
  `remarks` text COLLATE utf8mb4_unicode_ci,
  `created_at` timestamp NULL DEFAULT NULL,
  `updated_at` timestamp NULL DEFAULT NULL
) ENGINE=InnoDB DEFAULT CHARSET=utf8mb4 COLLATE=utf8mb4_unicode_ci;

-- --------------------------------------------------------

--
-- Table structure for table `companies`
--

CREATE TABLE `companies` (
  `id` bigint(20) UNSIGNED NOT NULL,
  `company_full_name` varchar(255) COLLATE utf8mb4_unicode_ci NOT NULL,
  `company_short_name` varchar(255) COLLATE utf8mb4_unicode_ci NOT NULL,
  `owner_name` varchar(255) COLLATE utf8mb4_unicode_ci NOT NULL,
  `phone` varchar(255) COLLATE utf8mb4_unicode_ci NOT NULL,
  `email` varchar(255) COLLATE utf8mb4_unicode_ci NOT NULL,
  `website` varchar(255) COLLATE utf8mb4_unicode_ci DEFAULT NULL,
  `address` varchar(255) COLLATE utf8mb4_unicode_ci NOT NULL,
  `logo` varchar(255) COLLATE utf8mb4_unicode_ci DEFAULT NULL,
  `signature` varchar(255) COLLATE utf8mb4_unicode_ci DEFAULT NULL,
  `status` enum('active','inactive') COLLATE utf8mb4_unicode_ci DEFAULT 'active',
  `created_at` timestamp NULL DEFAULT NULL,
  `updated_at` timestamp NULL DEFAULT NULL
) ENGINE=InnoDB DEFAULT CHARSET=utf8mb4 COLLATE=utf8mb4_unicode_ci;

--
-- Dumping data for table `companies`
--

INSERT INTO `companies` (`id`, `company_full_name`, `company_short_name`, `owner_name`, `phone`, `email`, `website`, `address`, `logo`, `signature`, `status`, `created_at`, `updated_at`) VALUES
(1, 'ZAMAN IT', 'ZIT', 'Mohammad Kamruzzaman Khan', '8801973009007', 'zamanit2008@gmail.com', 'www.zaman-it.com', 'House# 63, Road# 13, Sector-10, Uttara, Dhaka-1230', NULL, NULL, 'active', '2022-05-25 02:48:13', '2022-05-25 02:48:13');

-- --------------------------------------------------------

--
-- Table structure for table `cron_jobs`
--

CREATE TABLE `cron_jobs` (
  `id` bigint(20) UNSIGNED NOT NULL,
  `cron_job_month` varchar(255) COLLATE utf8mb4_unicode_ci NOT NULL,
  `cron_job_year` year(4) NOT NULL,
  `month_year` varchar(255) COLLATE utf8mb4_unicode_ci NOT NULL,
  `status` enum('on','off') COLLATE utf8mb4_unicode_ci NOT NULL,
  `created_at` timestamp NULL DEFAULT NULL,
  `updated_at` timestamp NULL DEFAULT NULL
) ENGINE=InnoDB DEFAULT CHARSET=utf8mb4 COLLATE=utf8mb4_unicode_ci;

--
-- Dumping data for table `cron_jobs`
--

INSERT INTO `cron_jobs` (`id`, `cron_job_month`, `cron_job_year`, `month_year`, `status`, `created_at`, `updated_at`) VALUES
(1, 'May', 2022, 'May-2022', 'on', '2022-05-26 01:58:28', '2022-05-26 01:58:28');

-- --------------------------------------------------------

--
-- Table structure for table `departments`
--

CREATE TABLE `departments` (
  `id` bigint(20) UNSIGNED NOT NULL,
  `department_name` varchar(255) COLLATE utf8mb4_unicode_ci NOT NULL,
  `status` enum('active','inactive') COLLATE utf8mb4_unicode_ci NOT NULL,
  `created_at` timestamp NULL DEFAULT NULL,
  `updated_at` timestamp NULL DEFAULT NULL
) ENGINE=InnoDB DEFAULT CHARSET=utf8mb4 COLLATE=utf8mb4_unicode_ci;

--
-- Dumping data for table `departments`
--

INSERT INTO `departments` (`id`, `department_name`, `status`, `created_at`, `updated_at`) VALUES
(1, 'Development', 'active', '2022-05-25 02:48:29', '2022-05-25 02:48:29'),
(2, 'Marketing', 'active', '2022-05-25 02:48:42', '2022-05-25 02:48:42'),
(3, 'Admin', 'active', '2022-05-25 02:48:58', '2022-05-25 02:48:58'),
(4, 'Technician', 'active', '2022-05-25 02:49:44', '2022-05-25 02:49:44');
(5, 'SEO', 'active', '2022-05-25 02:49:44', '2022-05-25 02:49:44');
(6, 'Support', 'active', '2022-05-25 02:49:44', '2022-05-25 02:49:44');
(7, 'System Engineer', 'active', '2022-05-25 02:49:44', '2022-05-25 02:49:44');
(8, 'Field Engineer', 'active', '2022-05-25 02:49:44', '2022-05-25 02:49:44');
(9, 'Accounts', 'active', '2022-05-25 02:49:44', '2022-05-25 02:49:44');
(10, 'Desk', 'active', '2022-05-25 02:49:44', '2022-05-25 02:49:44');

-- --------------------------------------------------------

--
-- Table structure for table `designations`
--

CREATE TABLE `designations` (
  `id` bigint(20) UNSIGNED NOT NULL,
  `designation_name` varchar(255) COLLATE utf8mb4_unicode_ci NOT NULL,
  `status` enum('active','inactive') COLLATE utf8mb4_unicode_ci NOT NULL,
  `created_at` timestamp NULL DEFAULT NULL,
  `updated_at` timestamp NULL DEFAULT NULL
) ENGINE=InnoDB DEFAULT CHARSET=utf8mb4 COLLATE=utf8mb4_unicode_ci;

--
-- Dumping data for table `designations`
--

INSERT INTO `designations` (`id`, `designation_name`, `status`, `created_at`, `updated_at`) VALUES
(1, 'Manager', 'active', '2022-05-25 02:49:56', '2022-05-25 02:49:56'),
(2, 'Marketing Manager', 'active', '2022-05-25 02:50:07', '2022-05-25 02:50:07'),
(3, 'Project Manager', 'active', '2022-05-25 02:50:20', '2022-05-25 02:50:20'),
(4, 'Project Coordinator', 'active', '2022-05-25 02:50:32', '2022-05-25 02:50:32'),
(5, 'CEO', 'active', '2022-05-25 02:50:38', '2022-05-25 02:50:38'),
(6, 'Admin', 'active', '2022-05-25 02:51:58', '2022-05-25 02:51:58'),
(7, 'Marketing Executive', 'active', '2022-05-25 02:52:11', '2022-05-25 02:52:11'),
(8, 'Sr. Marketing Executive', 'active', '2022-05-25 02:52:26', '2022-05-25 02:52:26'),
(9, 'Jr. Software Engineer', 'active', '2022-05-25 02:52:43', '2022-05-25 02:52:43'),
(10, 'Sr. Software Engineer', 'active', '2022-05-25 02:53:00', '2022-05-25 02:53:00'),
(11, 'Executive', 'active', '2022-05-25 03:46:22', '2022-05-25 03:46:22');

-- --------------------------------------------------------

--
-- Table structure for table `education_information`
--

CREATE TABLE `education_information` (
  `id` bigint(20) UNSIGNED NOT NULL,
  `employee_id` bigint(20) UNSIGNED NOT NULL,
  `degree_title` varchar(255) COLLATE utf8mb4_unicode_ci DEFAULT NULL,
  `faculty` varchar(255) COLLATE utf8mb4_unicode_ci DEFAULT NULL,
  `institute_name` varchar(255) COLLATE utf8mb4_unicode_ci DEFAULT NULL,
  `duration` varchar(255) COLLATE utf8mb4_unicode_ci DEFAULT NULL,
  `passing_year` varchar(255) COLLATE utf8mb4_unicode_ci DEFAULT NULL,
  `result` text COLLATE utf8mb4_unicode_ci,
  `created_at` timestamp NULL DEFAULT NULL,
  `updated_at` timestamp NULL DEFAULT NULL
) ENGINE=InnoDB DEFAULT CHARSET=utf8mb4 COLLATE=utf8mb4_unicode_ci;

--
-- Dumping data for table `education_information`
--

INSERT INTO `education_information` (`id`, `employee_id`, `degree_title`, `faculty`, `institute_name`, `duration`, `passing_year`, `result`, `created_at`, `updated_at`) VALUES
(1, 1, NULL, NULL, NULL, NULL, NULL, NULL, '2022-05-25 03:04:38', '2022-05-25 03:04:38'),
(2, 2, NULL, NULL, NULL, NULL, NULL, NULL, '2022-05-25 03:08:42', '2022-05-25 03:08:42'),
(3, 3, NULL, NULL, NULL, NULL, NULL, NULL, '2022-05-25 03:15:36', '2022-05-25 03:15:36'),
(4, 4, NULL, NULL, NULL, NULL, NULL, NULL, '2022-05-25 03:20:40', '2022-05-25 03:20:40'),
(5, 5, NULL, NULL, NULL, NULL, NULL, NULL, '2022-05-25 03:26:47', '2022-05-25 03:26:47'),
(6, 6, NULL, NULL, NULL, NULL, NULL, NULL, '2022-05-25 03:47:02', '2022-05-25 03:47:02'),
(7, 7, NULL, NULL, NULL, NULL, NULL, NULL, '2022-05-25 03:50:13', '2022-05-25 03:50:13'),
(9, 9, NULL, NULL, NULL, NULL, NULL, NULL, '2022-06-27 21:25:47', '2022-06-27 21:25:47');

-- --------------------------------------------------------

--
-- Table structure for table `employees`
--

CREATE TABLE `employees` (
  `id` bigint(20) UNSIGNED NOT NULL,
  `employee_name` varchar(255) COLLATE utf8mb4_unicode_ci NOT NULL,
  `employee_id_card` varchar(255) COLLATE utf8mb4_unicode_ci NOT NULL,
  `employee_punch_card` varchar(255) COLLATE utf8mb4_unicode_ci NOT NULL,
  `mobile` varchar(255) COLLATE utf8mb4_unicode_ci NOT NULL,
  `email` varchar(255) COLLATE utf8mb4_unicode_ci DEFAULT NULL,
  `nid` varchar(255) COLLATE utf8mb4_unicode_ci DEFAULT NULL,
  `date_of_birth` date DEFAULT NULL,
  `religion` varchar(255) COLLATE utf8mb4_unicode_ci DEFAULT NULL,
  `sex` varchar(255) COLLATE utf8mb4_unicode_ci DEFAULT NULL,
  `marital_status` varchar(255) COLLATE utf8mb4_unicode_ci DEFAULT NULL,
  `blood_group` varchar(255) COLLATE utf8mb4_unicode_ci DEFAULT NULL,
  `employee_status` varchar(255) COLLATE utf8mb4_unicode_ci NOT NULL,
  `joining_date` date DEFAULT NULL,
  `father_name` varchar(255) COLLATE utf8mb4_unicode_ci DEFAULT NULL,
  `mother_name` varchar(255) COLLATE utf8mb4_unicode_ci DEFAULT NULL,
  `emergency_contact_person_name` varchar(255) COLLATE utf8mb4_unicode_ci DEFAULT NULL,
  `emergency_contact_person_number` varchar(255) COLLATE utf8mb4_unicode_ci DEFAULT NULL,
  `department_id` bigint(20) UNSIGNED NOT NULL,
  `designation_id` bigint(20) UNSIGNED NOT NULL,
  `schedule_id` bigint(20) UNSIGNED NOT NULL,
  `present_address` text COLLATE utf8mb4_unicode_ci,
  `permanent_address` text COLLATE utf8mb4_unicode_ci,
  `tax_status` enum('1','0') COLLATE utf8mb4_unicode_ci NOT NULL DEFAULT '0',
  `tax_id` bigint(20) UNSIGNED DEFAULT NULL,
  `provident_fund_status` varchar(255) COLLATE utf8mb4_unicode_ci NOT NULL DEFAULT '0',
  `provident_fund_id` bigint(20) UNSIGNED DEFAULT NULL,
  `transport_allowance_status` enum('1','0') COLLATE utf8mb4_unicode_ci NOT NULL DEFAULT '0',
  `commission_status` enum('1','0') COLLATE utf8mb4_unicode_ci NOT NULL DEFAULT '0',
  `salary_withdraw` enum('cash','bank') COLLATE utf8mb4_unicode_ci NOT NULL DEFAULT 'cash',
  `employee_photo` varchar(255) COLLATE utf8mb4_unicode_ci DEFAULT 'default.png',
  `status` enum('active','inactive') COLLATE utf8mb4_unicode_ci NOT NULL,
  `created_at` timestamp NULL DEFAULT NULL,
  `updated_at` timestamp NULL DEFAULT NULL
) ENGINE=InnoDB DEFAULT CHARSET=utf8mb4 COLLATE=utf8mb4_unicode_ci;

--
-- Dumping data for table `employees`
--

INSERT INTO `employees` (`id`, `employee_name`, `employee_id_card`, `employee_punch_card`, `mobile`, `email`, `nid`, `date_of_birth`, `religion`, `sex`, `marital_status`, `blood_group`, `employee_status`, `joining_date`, `father_name`, `mother_name`, `emergency_contact_person_name`, `emergency_contact_person_number`, `department_id`, `designation_id`, `schedule_id`, `present_address`, `permanent_address`, `tax_status`, `tax_id`, `provident_fund_status`, `provident_fund_id`, `transport_allowance_status`, `commission_status`, `salary_withdraw`, `employee_photo`, `status`, `created_at`, `updated_at`) VALUES
(1, 'Md. Nurul Alam', '123', '5', '8801938898351', 'zamanit007@gmail.com', '123', '1989-01-08', 'N/A', 'N/A', 'Married', 'N/A', 'Regular', '2010-08-05', NULL, NULL, NULL, NULL, 3, 6, 1, NULL, NULL, '0', 1, '0', 1, '0', '1', 'bank', '202205251104.png', 'active', '2022-05-25 03:04:38', '2022-06-25 01:49:00'),
(2, 'Md. Ashfaqul Bari', '123', '4', '8801959621322', 'mkt@zaman-it.com', NULL, NULL, 'N/A', 'N/A', 'Married', 'N/A', 'Regular', NULL, NULL, NULL, NULL, NULL, 2, 2, 1, NULL, NULL, '0', 1, '0', 1, '1', '1', 'bank', NULL, 'active', '2022-05-25 03:08:42', '2022-06-25 01:49:29'),
(3, 'Emran Gazi', '123', '1', '01608728677', 'e.zamanit@gmail.com', NULL, NULL, 'Mele', NULL, 'Married', 'AB(+)', 'Regular', '2018-03-15', NULL, NULL, NULL, NULL, 1, 3, 1, NULL, NULL, '0', 1, '0', 1, '1', '1', 'bank', '', 'active', '2022-05-25 03:15:36', '2022-05-26 01:32:02'),
(4, 'Uzzal kumar Roy', '123', '11', '8801319630372', 'zamanit.uzzal@gmail.com', NULL, NULL, 'N/A', 'N/A', 'Unmarried', 'N/A', 'Regular', NULL, NULL, NULL, NULL, NULL, 1, 10, 1, NULL, NULL, '0', 1, '0', 1, '1', '0', 'bank', NULL, 'active', '2022-05-25 03:20:40', '2022-06-27 02:29:28'),
(5, 'Md. Arshad Ali', '123', '8', '8801938898359', 'mkt1@zaman-it.com', NULL, NULL, 'Mele', NULL, 'Married', 'N/A', 'Regular', NULL, NULL, NULL, NULL, NULL, 2, 8, 1, NULL, NULL, '0', 1, '0', 1, '1', '1', 'bank', '', 'active', '2022-05-25 03:26:47', '2022-05-25 03:26:47'),
(6, 'Jaber Ali', '123', '9', '8801516781065', 'jaberali199714@gmail.com', NULL, NULL, 'N/A', 'N/A', 'Married', 'N/A', 'Regular', NULL, NULL, NULL, NULL, NULL, 4, 11, 1, NULL, NULL, '0', 1, '0', 1, '1', '0', 'bank', NULL, 'active', '2022-05-25 03:47:02', '2022-05-25 03:47:34'),
(7, 'Antarip Saha', '123', '17', '8801521475060', 'antarip15@gmail.com', NULL, NULL, 'N/A', 'N/A', 'Married', 'N/A', 'Regular', NULL, NULL, NULL, NULL, NULL, 1, 9, 1, NULL, NULL, '0', 1, '0', 1, '1', '0', 'bank', NULL, 'active', '2022-05-25 03:50:13', '2022-06-25 01:50:28'),
(8, 'Sumaya', '123', '6', '8801959061004', 'zamanit009@gmail.com', NULL, NULL, 'Female', NULL, 'Married', 'N/A', 'Regular', NULL, NULL, NULL, NULL, NULL, 3, 11, 1, NULL, NULL, '0', 1, '0', 1, '0', '0', 'bank', '', 'active', '2022-05-25 03:52:21', '2022-05-25 03:52:21'),
(9, 'Tahmida Lima', '123', '1234', '01784441658', 'limatahmida@gmail.com', '73457934857376', '1993-01-08', 'Female', NULL, 'Married', 'O(+)', 'New', '2022-06-28', NULL, NULL, NULL, NULL, 1, 10, 1, NULL, NULL, '0', 1, '0', 1, '0', '0', 'bank', '', 'active', '2022-06-27 21:25:47', '2022-06-27 21:25:47');

-- --------------------------------------------------------

--
-- Table structure for table `employee_leaves`
--

CREATE TABLE `employee_leaves` (
  `id` bigint(20) UNSIGNED NOT NULL,
  `employee_id` bigint(20) UNSIGNED NOT NULL,
  `leave_id` bigint(20) UNSIGNED NOT NULL,
  `from_date` date NOT NULL,
  `to_date` date NOT NULL,
  `leave_days` int(11) NOT NULL DEFAULT '0',
  `leave_month` varchar(255) COLLATE utf8mb4_unicode_ci NOT NULL,
  `leave_year` year(4) NOT NULL,
  `remarks` text COLLATE utf8mb4_unicode_ci NOT NULL,
  `status` tinyint(2) NOT NULL DEFAULT '0',
  `created_at` timestamp NULL DEFAULT NULL,
  `updated_at` timestamp NULL DEFAULT NULL
) ENGINE=InnoDB DEFAULT CHARSET=utf8mb4 COLLATE=utf8mb4_unicode_ci;

--
-- Dumping data for table `employee_leaves`
--

INSERT INTO `employee_leaves` (`id`, `employee_id`, `leave_id`, `from_date`, `to_date`, `leave_days`, `leave_month`, `leave_year`, `remarks`, `status`, `created_at`, `updated_at`) VALUES
(1, 7, 1, '2022-05-09', '2022-05-09', 1, '05', 2022, 'monthly Leave', 1, '2022-06-28 20:30:49', '2022-06-28 20:30:49');

-- --------------------------------------------------------

--
-- Table structure for table `employee_leave_details`
--

CREATE TABLE `employee_leave_details` (
  `id` bigint(20) UNSIGNED NOT NULL,
  `employee_leave_id` bigint(20) UNSIGNED NOT NULL,
  `employee_id` bigint(20) UNSIGNED NOT NULL,
  `leave_id` bigint(20) UNSIGNED NOT NULL,
  `leave_date` date NOT NULL,
  `remarks` text COLLATE utf8mb4_unicode_ci NOT NULL,
  `status` tinyint(2) NOT NULL DEFAULT '0',
  `created_at` timestamp NULL DEFAULT NULL,
  `updated_at` timestamp NULL DEFAULT NULL
) ENGINE=InnoDB DEFAULT CHARSET=utf8mb4 COLLATE=utf8mb4_unicode_ci;

--
-- Dumping data for table `employee_leave_details`
--

INSERT INTO `employee_leave_details` (`id`, `employee_leave_id`, `employee_id`, `leave_id`, `leave_date`, `remarks`, `status`, `created_at`, `updated_at`) VALUES
(1, 1, 7, 1, '2022-05-09', 'monthly Leave', 1, '2022-06-28 20:30:49', '2022-06-28 20:30:49');

-- --------------------------------------------------------

--
-- Table structure for table `employee_promotions`
--

CREATE TABLE `employee_promotions` (
  `id` bigint(20) UNSIGNED NOT NULL,
  `employee_id` bigint(20) UNSIGNED NOT NULL,
  `department_id` bigint(20) UNSIGNED NOT NULL,
  `designation_id` bigint(20) UNSIGNED NOT NULL,
  `promotion_month` varchar(255) COLLATE utf8mb4_unicode_ci NOT NULL,
  `promotion_year` year(4) NOT NULL,
  `effective_date` date NOT NULL,
  `remarks` varchar(255) COLLATE utf8mb4_unicode_ci NOT NULL,
  `status` enum('active','inactive') COLLATE utf8mb4_unicode_ci NOT NULL,
  `created_at` timestamp NULL DEFAULT NULL,
  `updated_at` timestamp NULL DEFAULT NULL
) ENGINE=InnoDB DEFAULT CHARSET=utf8mb4 COLLATE=utf8mb4_unicode_ci;

-- --------------------------------------------------------

--
-- Table structure for table `employee_promotion_olds`
--

CREATE TABLE `employee_promotion_olds` (
  `id` bigint(20) UNSIGNED NOT NULL,
  `employee_id` bigint(20) UNSIGNED NOT NULL,
  `department_id` bigint(20) UNSIGNED NOT NULL,
  `designation_id` bigint(20) UNSIGNED NOT NULL,
  `promotion_month` varchar(255) COLLATE utf8mb4_unicode_ci NOT NULL,
  `promotion_year` year(4) NOT NULL,
  `effective_date` date NOT NULL,
  `remarks` varchar(255) COLLATE utf8mb4_unicode_ci NOT NULL,
  `status` enum('active','inactive') COLLATE utf8mb4_unicode_ci NOT NULL,
  `created_at` timestamp NULL DEFAULT NULL,
  `updated_at` timestamp NULL DEFAULT NULL
) ENGINE=InnoDB DEFAULT CHARSET=utf8mb4 COLLATE=utf8mb4_unicode_ci;

-- --------------------------------------------------------

--
-- Table structure for table `experience_information`
--

CREATE TABLE `experience_information` (
  `id` bigint(20) UNSIGNED NOT NULL,
  `employee_id` bigint(20) UNSIGNED NOT NULL,
  `designation_name` varchar(255) COLLATE utf8mb4_unicode_ci DEFAULT NULL,
  `company_name` varchar(255) COLLATE utf8mb4_unicode_ci DEFAULT NULL,
  `duration` varchar(255) COLLATE utf8mb4_unicode_ci DEFAULT NULL,
  `location` varchar(255) COLLATE utf8mb4_unicode_ci DEFAULT NULL,
  `description` text COLLATE utf8mb4_unicode_ci,
  `created_at` timestamp NULL DEFAULT NULL,
  `updated_at` timestamp NULL DEFAULT NULL
) ENGINE=InnoDB DEFAULT CHARSET=utf8mb4 COLLATE=utf8mb4_unicode_ci;

--
-- Dumping data for table `experience_information`
--

INSERT INTO `experience_information` (`id`, `employee_id`, `designation_name`, `company_name`, `duration`, `location`, `description`, `created_at`, `updated_at`) VALUES
(1, 1, NULL, NULL, NULL, NULL, NULL, '2022-05-25 03:04:38', '2022-05-25 03:04:38'),
(2, 2, NULL, NULL, NULL, NULL, NULL, '2022-05-25 03:08:42', '2022-05-25 03:08:42'),
(3, 3, NULL, NULL, NULL, NULL, NULL, '2022-05-25 03:15:36', '2022-05-25 03:15:36'),
(4, 4, NULL, NULL, NULL, NULL, NULL, '2022-05-25 03:20:40', '2022-05-25 03:20:40'),
(5, 5, NULL, NULL, NULL, NULL, NULL, '2022-05-25 03:26:47', '2022-05-25 03:26:47'),
(6, 6, NULL, NULL, NULL, NULL, NULL, '2022-05-25 03:47:02', '2022-05-25 03:47:02'),
(7, 7, NULL, NULL, NULL, NULL, NULL, '2022-05-25 03:50:13', '2022-05-25 03:50:13'),
(9, 9, NULL, NULL, NULL, NULL, NULL, '2022-06-27 21:25:47', '2022-06-27 21:25:47');

-- --------------------------------------------------------

--
-- Table structure for table `failed_jobs`
--

CREATE TABLE `failed_jobs` (
  `id` bigint(20) UNSIGNED NOT NULL,
  `uuid` varchar(255) COLLATE utf8mb4_unicode_ci NOT NULL,
  `connection` text COLLATE utf8mb4_unicode_ci NOT NULL,
  `queue` text COLLATE utf8mb4_unicode_ci NOT NULL,
  `payload` longtext COLLATE utf8mb4_unicode_ci NOT NULL,
  `exception` longtext COLLATE utf8mb4_unicode_ci NOT NULL,
  `failed_at` timestamp NOT NULL DEFAULT CURRENT_TIMESTAMP
) ENGINE=InnoDB DEFAULT CHARSET=utf8mb4 COLLATE=utf8mb4_unicode_ci;

-- --------------------------------------------------------

--
-- Table structure for table `holiday_entries`
--

CREATE TABLE `holiday_entries` (
  `id` bigint(20) UNSIGNED NOT NULL,
  `holiday_name` varchar(255) COLLATE utf8mb4_unicode_ci NOT NULL,
  `from_date` date NOT NULL,
  `to_date` date NOT NULL,
  `holiday_days` int(11) NOT NULL DEFAULT '1',
  `holiday_month` varchar(255) COLLATE utf8mb4_unicode_ci NOT NULL,
  `holiday_year` year(4) NOT NULL,
  `remarks` varchar(255) COLLATE utf8mb4_unicode_ci NOT NULL,
  `status` enum('active','inactive') COLLATE utf8mb4_unicode_ci NOT NULL,
  `created_at` timestamp NULL DEFAULT NULL,
  `updated_at` timestamp NULL DEFAULT NULL
) ENGINE=InnoDB DEFAULT CHARSET=utf8mb4 COLLATE=utf8mb4_unicode_ci;

--
-- Dumping data for table `holiday_entries`
--

INSERT INTO `holiday_entries` (`id`, `holiday_name`, `from_date`, `to_date`, `holiday_days`, `holiday_month`, `holiday_year`, `remarks`, `status`, `created_at`, `updated_at`) VALUES
(1, 'May Day', '2022-05-01', '2022-05-01', 1, '05', 2022, 'May Day', 'active', '2022-05-25 04:03:06', '2022-05-27 20:25:05'),
(2, 'Eid ul-Fitr Holiday', '2022-05-02', '2022-05-05', 4, '05', 2022, 'Eid ul-Fitr Holiday', 'active', '2022-05-25 04:03:55', '2022-05-27 20:25:17'),
(3, 'Buddha Purnima', '2022-05-15', '2022-05-15', 1, '05', 2022, 'Buddha Purnima', 'active', '2022-05-25 04:04:25', '2022-05-31 20:37:27');

-- --------------------------------------------------------

--
-- Table structure for table `leaves`
--

CREATE TABLE `leaves` (
  `id` bigint(20) UNSIGNED NOT NULL,
  `leave_name` varchar(255) COLLATE utf8mb4_unicode_ci NOT NULL,
  `short_name` varchar(255) COLLATE utf8mb4_unicode_ci NOT NULL,
  `leave_days` int(11) NOT NULL DEFAULT '0',
  `status` enum('active','inactive') COLLATE utf8mb4_unicode_ci NOT NULL,
  `created_at` timestamp NULL DEFAULT NULL,
  `updated_at` timestamp NULL DEFAULT NULL
) ENGINE=InnoDB DEFAULT CHARSET=utf8mb4 COLLATE=utf8mb4_unicode_ci;

--
-- Dumping data for table `leaves`
--

INSERT INTO `leaves` (`id`, `leave_name`, `short_name`, `leave_days`, `status`, `created_at`, `updated_at`) VALUES
(1, 'Monthly Leave', 'ML', 1, 'active', '2022-05-25 02:54:02', '2022-05-25 02:54:02'),
(2, 'Sick leave', 'SL', 12, 'active', '2022-05-25 02:54:25', '2022-05-25 02:54:25');

-- --------------------------------------------------------

--
-- Table structure for table `migrations`
--

CREATE TABLE `migrations` (
  `id` int(10) UNSIGNED NOT NULL,
  `migration` varchar(255) COLLATE utf8mb4_unicode_ci NOT NULL,
  `batch` int(11) NOT NULL
) ENGINE=InnoDB DEFAULT CHARSET=utf8mb4 COLLATE=utf8mb4_unicode_ci;

--
-- Dumping data for table `migrations`
--

INSERT INTO `migrations` (`id`, `migration`, `batch`) VALUES
(17, '2014_10_12_000000_create_users_table', 1),
(18, '2014_10_12_100000_create_password_resets_table', 1),
(19, '2019_08_19_000000_create_failed_jobs_table', 1),
(20, '2019_12_14_000001_create_personal_access_tokens_table', 1),
(21, '2022_05_11_042010_create_companies_table', 2),
(22, '2022_05_11_081256_create_departments_table', 3),
(23, '2022_05_11_081312_create_designations_table', 3),
(26, '2022_05_11_081406_create_taxes_table', 3),
(27, '2022_05_11_083437_create_provident_funds_table', 3),
(28, '2022_05_11_081340_create_schedules_table', 4),
(29, '2022_05_11_113107_create_employees_table', 5),
(31, '2022_05_11_120624_create_bank_information_table', 5),
(32, '2022_05_11_120647_create_education_information_table', 5),
(33, '2022_05_11_120812_create_experience_information_table', 5),
(34, '2022_05_11_120603_create_salary_information_table', 6),
(35, '2022_05_12_104536_create_blood_groups_table', 7),
(43, '2022_05_14_054958_create_weekend_entries_table', 12),
(44, '2022_05_14_055017_create_employee_promotions_table', 13),
(45, '2022_05_14_055041_create_salary_increments_table', 14),
(54, '2022_05_14_054803_create_employee_leaves_table', 22),
(55, '2022_05_14_065430_create_employee_leave_details_table', 23),
(56, '2022_05_14_054939_create_holiday_entries_table', 24),
(57, '2022_05_14_062816_create_office_holiday_details_table', 25),
(59, '2022_05_16_082807_create_uploads_table', 27),
(63, '2022_05_11_081354_create_leaves_table', 30),
(65, '2022_05_17_090046_create_cron_jobs_table', 32),
(67, '2022_05_16_081147_create_attendances_table', 33),
(68, '2022_05_16_083307_create_attendance_logs_table', 34),
(70, '2022_05_21_080646_create_salary_sheets_table', 36),
(71, '2022_05_21_083633_create_salary_settings_table', 37),
(73, '2022_05_21_065522_create_attendance_summaries_table', 38),
(82, '2022_05_22_063745_create_other_payments_table', 43),
(83, '2022_05_22_063611_create_advance_salaries_table', 44),
(84, '2022_05_22_063815_create_commission_payments_table', 45),
(85, '2022_05_22_063832_create_transport_payments_table', 46),
(86, '2022_05_22_095034_add_tax_id_to_employees_table', 47),
(87, '2022_05_22_095435_add_provident_found_id_to_employees_table', 48),
(88, '2022_05_22_100436_rename_provident_found_status_to_employees_table', 49),
(89, '2022_05_21_113523_create_salary_sheets_table', 50),
(90, '2022_05_25_033048_rename_provident_found_name', 51),
(91, '2022_05_25_093131_create_employee_promotion_olds_table', 52),
(92, '2022_05_25_093150_create_salary_increment_olds_table', 53);

-- --------------------------------------------------------

--
-- Table structure for table `notifications`
--

CREATE TABLE `notifications` (
  `id` char(36) COLLATE utf8_unicode_ci NOT NULL,
  `type` varchar(191) COLLATE utf8_unicode_ci NOT NULL,
  `notifiable_type` varchar(191) COLLATE utf8_unicode_ci NOT NULL,
  `notifiable_id` bigint(20) UNSIGNED NOT NULL,
  `data` text COLLATE utf8_unicode_ci NOT NULL,
  `read_at` timestamp NULL DEFAULT NULL,
  `created_at` timestamp NULL DEFAULT NULL,
  `updated_at` timestamp NULL DEFAULT NULL
) ENGINE=InnoDB DEFAULT CHARSET=utf8 COLLATE=utf8_unicode_ci;

-- --------------------------------------------------------

--
-- Table structure for table `office_holiday_details`
--

CREATE TABLE `office_holiday_details` (
  `id` bigint(20) UNSIGNED NOT NULL,
  `holiday_id` bigint(20) UNSIGNED NOT NULL,
  `holiday_date` date NOT NULL,
  `remarks` varchar(255) COLLATE utf8mb4_unicode_ci NOT NULL,
  `created_at` timestamp NULL DEFAULT NULL,
  `updated_at` timestamp NULL DEFAULT NULL
) ENGINE=InnoDB DEFAULT CHARSET=utf8mb4 COLLATE=utf8mb4_unicode_ci;

--
-- Dumping data for table `office_holiday_details`
--

INSERT INTO `office_holiday_details` (`id`, `holiday_id`, `holiday_date`, `remarks`, `created_at`, `updated_at`) VALUES
(7, 1, '2022-05-01', 'May Day', '2022-05-27 20:25:05', '2022-05-27 20:25:05'),
(8, 2, '2022-05-02', 'Eid ul-Fitr Holiday', '2022-05-27 20:25:17', '2022-05-27 20:25:17'),
(9, 2, '2022-05-03', 'Eid ul-Fitr Holiday', '2022-05-27 20:25:17', '2022-05-27 20:25:17'),
(10, 2, '2022-05-04', 'Eid ul-Fitr Holiday', '2022-05-27 20:25:17', '2022-05-27 20:25:17'),
(11, 2, '2022-05-05', 'Eid ul-Fitr Holiday', '2022-05-27 20:25:17', '2022-05-27 20:25:17'),
(13, 3, '2022-05-15', 'Buddha Purnima', '2022-05-31 20:37:27', '2022-05-31 20:37:27');

-- --------------------------------------------------------

--
-- Table structure for table `other_payments`
--

CREATE TABLE `other_payments` (
  `id` bigint(20) UNSIGNED NOT NULL,
  `employee_id` bigint(20) UNSIGNED NOT NULL,
  `payment_month` varchar(255) COLLATE utf8mb4_unicode_ci NOT NULL,
  `payment_year` year(4) NOT NULL,
  `amount` double DEFAULT '0',
  `status` enum('Plus','Minus') COLLATE utf8mb4_unicode_ci NOT NULL,
  `remarks` text COLLATE utf8mb4_unicode_ci,
  `created_at` timestamp NULL DEFAULT NULL,
  `updated_at` timestamp NULL DEFAULT NULL
) ENGINE=InnoDB DEFAULT CHARSET=utf8mb4 COLLATE=utf8mb4_unicode_ci;

-- --------------------------------------------------------

--
-- Table structure for table `password_resets`
--

CREATE TABLE `password_resets` (
  `email` varchar(255) COLLATE utf8mb4_unicode_ci NOT NULL,
  `token` varchar(255) COLLATE utf8mb4_unicode_ci NOT NULL,
  `created_at` timestamp NULL DEFAULT NULL
) ENGINE=InnoDB DEFAULT CHARSET=utf8mb4 COLLATE=utf8mb4_unicode_ci;

-- --------------------------------------------------------

--
-- Table structure for table `personal_access_tokens`
--

CREATE TABLE `personal_access_tokens` (
  `id` bigint(20) UNSIGNED NOT NULL,
  `tokenable_type` varchar(255) COLLATE utf8mb4_unicode_ci NOT NULL,
  `tokenable_id` bigint(20) UNSIGNED NOT NULL,
  `name` varchar(255) COLLATE utf8mb4_unicode_ci NOT NULL,
  `token` varchar(64) COLLATE utf8mb4_unicode_ci NOT NULL,
  `abilities` text COLLATE utf8mb4_unicode_ci,
  `last_used_at` timestamp NULL DEFAULT NULL,
  `created_at` timestamp NULL DEFAULT NULL,
  `updated_at` timestamp NULL DEFAULT NULL
) ENGINE=InnoDB DEFAULT CHARSET=utf8mb4 COLLATE=utf8mb4_unicode_ci;

-- --------------------------------------------------------

--
-- Table structure for table `provident_funds`
--

CREATE TABLE `provident_funds` (
  `id` bigint(20) UNSIGNED NOT NULL,
  `provident_fund_name` varchar(255) COLLATE utf8mb4_unicode_ci NOT NULL,
  `percentage` double(10,2) NOT NULL,
  `status` enum('active','inactive') COLLATE utf8mb4_unicode_ci NOT NULL,
  `created_at` timestamp NULL DEFAULT NULL,
  `updated_at` timestamp NULL DEFAULT NULL
) ENGINE=InnoDB DEFAULT CHARSET=utf8mb4 COLLATE=utf8mb4_unicode_ci;

--
-- Dumping data for table `provident_funds`
--

INSERT INTO `provident_funds` (`id`, `provident_fund_name`, `percentage`, `status`, `created_at`, `updated_at`) VALUES
(1, 'Default', 0.00, 'active', '2022-05-24 21:19:51', '2022-05-24 21:19:51');

-- --------------------------------------------------------

--
-- Table structure for table `salary_increments`
--

CREATE TABLE `salary_increments` (
  `id` bigint(20) UNSIGNED NOT NULL,
  `employee_id` bigint(20) UNSIGNED NOT NULL,
  `gross_salary` double(10,2) NOT NULL DEFAULT '0.00',
  `basic_salary` double(10,2) NOT NULL DEFAULT '0.00',
  `house_rent` double(10,2) NOT NULL DEFAULT '0.00',
  `medical_allowance` double NOT NULL DEFAULT '0',
  `transport_allowance` double(10,2) NOT NULL DEFAULT '0.00',
  `food_allowance` double(10,2) NOT NULL DEFAULT '0.00',
  `increment_month` varchar(255) COLLATE utf8mb4_unicode_ci NOT NULL,
  `increment_year` year(4) NOT NULL,
  `effective_date` date NOT NULL,
  `remarks` varchar(255) COLLATE utf8mb4_unicode_ci NOT NULL,
  `status` enum('active','inactive') COLLATE utf8mb4_unicode_ci NOT NULL,
  `created_at` timestamp NULL DEFAULT NULL,
  `updated_at` timestamp NULL DEFAULT NULL
) ENGINE=InnoDB DEFAULT CHARSET=utf8mb4 COLLATE=utf8mb4_unicode_ci;

-- --------------------------------------------------------

--
-- Table structure for table `salary_increment_olds`
--

CREATE TABLE `salary_increment_olds` (
  `id` bigint(20) UNSIGNED NOT NULL,
  `employee_id` bigint(20) UNSIGNED NOT NULL,
  `gross_salary` double(10,2) NOT NULL DEFAULT '0.00',
  `basic_salary` double(10,2) NOT NULL DEFAULT '0.00',
  `house_rent` double(10,2) NOT NULL DEFAULT '0.00',
  `medical_allowance` double NOT NULL DEFAULT '0',
  `transport_allowance` double(10,2) NOT NULL DEFAULT '0.00',
  `food_allowance` double(10,2) NOT NULL DEFAULT '0.00',
  `increment_month` varchar(255) COLLATE utf8mb4_unicode_ci NOT NULL,
  `increment_year` year(4) NOT NULL,
  `effective_date` date NOT NULL,
  `remarks` varchar(255) COLLATE utf8mb4_unicode_ci NOT NULL,
  `status` enum('active','inactive') COLLATE utf8mb4_unicode_ci NOT NULL,
  `created_at` timestamp NULL DEFAULT NULL,
  `updated_at` timestamp NULL DEFAULT NULL
) ENGINE=InnoDB DEFAULT CHARSET=utf8mb4 COLLATE=utf8mb4_unicode_ci;

-- --------------------------------------------------------

--
-- Table structure for table `salary_information`
--

CREATE TABLE `salary_information` (
  `id` bigint(20) UNSIGNED NOT NULL,
  `employee_id` bigint(20) UNSIGNED NOT NULL,
  `gross_salary` double(10,2) NOT NULL DEFAULT '0.00',
  `basic_salary` double(10,2) NOT NULL DEFAULT '0.00',
  `house_rent` double(10,2) NOT NULL DEFAULT '0.00',
  `medical_allowance` double NOT NULL DEFAULT '0',
  `transport_allowance` double(10,2) NOT NULL DEFAULT '0.00',
  `food_allowance` double(10,2) NOT NULL DEFAULT '0.00',
  `created_at` timestamp NULL DEFAULT NULL,
  `updated_at` timestamp NULL DEFAULT NULL
) ENGINE=InnoDB DEFAULT CHARSET=utf8mb4 COLLATE=utf8mb4_unicode_ci;

--
-- Dumping data for table `salary_information`
--

INSERT INTO `salary_information` (`id`, `employee_id`, `gross_salary`, `basic_salary`, `house_rent`, `medical_allowance`, `transport_allowance`, `food_allowance`, `created_at`, `updated_at`) VALUES
(1, 1, 20000.00, 10000.00, 4000.00, 2000, 2000.00, 2000.00, '2022-05-25 03:04:38', '2022-05-25 03:04:38'),
(2, 2, 30000.00, 15000.00, 6000.00, 3000, 3000.00, 3000.00, '2022-05-25 03:08:42', '2022-05-25 03:08:42'),
(3, 3, 50000.00, 25000.00, 10000.00, 5000, 5000.00, 5000.00, '2022-05-25 03:15:36', '2022-05-26 01:32:02'),
(4, 4, 33000.00, 16500.00, 6600.00, 3300, 3300.00, 3300.00, '2022-05-25 03:20:40', '2022-06-27 02:29:28'),
(5, 5, 20000.00, 10000.00, 4000.00, 2000, 2000.00, 2000.00, '2022-05-25 03:26:47', '2022-05-25 03:26:47'),
(6, 6, 15000.00, 7500.00, 3000.00, 1500, 1500.00, 1500.00, '2022-05-25 03:47:02', '2022-05-25 03:47:02'),
(7, 7, 18000.00, 9000.00, 3600.00, 1800, 1800.00, 1800.00, '2022-05-25 03:50:13', '2022-06-28 03:23:11'),
(9, 9, 30000.00, 15000.00, 6000.00, 3000, 3000.00, 3000.00, '2022-06-27 21:25:47', '2022-06-27 21:25:47');

-- --------------------------------------------------------

--
-- Table structure for table `salary_settings`
--

CREATE TABLE `salary_settings` (
  `id` bigint(20) UNSIGNED NOT NULL,
  `gross_salary` int(11) NOT NULL DEFAULT '0',
  `basic_salary` int(11) NOT NULL DEFAULT '0',
  `house_rent` int(11) NOT NULL DEFAULT '0',
  `medical_allowance` int(11) NOT NULL DEFAULT '0',
  `transport_allowance` int(11) NOT NULL DEFAULT '0',
  `food_allowance` int(11) NOT NULL DEFAULT '0',
  `created_at` timestamp NULL DEFAULT NULL,
  `updated_at` timestamp NULL DEFAULT NULL
) ENGINE=InnoDB DEFAULT CHARSET=utf8mb4 COLLATE=utf8mb4_unicode_ci;

--
-- Dumping data for table `salary_settings`
--

INSERT INTO `salary_settings` (`id`, `gross_salary`, `basic_salary`, `house_rent`, `medical_allowance`, `transport_allowance`, `food_allowance`, `created_at`, `updated_at`) VALUES
(1, 100, 50, 20, 10, 10, 10, NULL, NULL);

-- --------------------------------------------------------

--
-- Table structure for table `salary_sheets`
--

CREATE TABLE `salary_sheets` (
  `id` bigint(20) UNSIGNED NOT NULL,
  `employee_id` bigint(20) UNSIGNED NOT NULL,
  `salary_month` varchar(255) COLLATE utf8mb4_unicode_ci NOT NULL,
  `salary_year` year(4) NOT NULL,
  `employee_name` varchar(255) COLLATE utf8mb4_unicode_ci NOT NULL,
  `designation` varchar(255) COLLATE utf8mb4_unicode_ci NOT NULL,
  `department` varchar(255) COLLATE utf8mb4_unicode_ci NOT NULL,
  `joining_date` date DEFAULT NULL,
  `gross_salary` double(10,2) DEFAULT '0.00',
  `basic_salary` double(10,2) DEFAULT '0.00',
  `house_allowance` double(10,2) DEFAULT '0.00',
  `medical_allowance` double(10,2) DEFAULT '0.00',
  `transport_allowance` double(10,2) DEFAULT '0.00',
  `food_allowance` double(10,2) DEFAULT '0.00',
  `number_of_days` int(11) DEFAULT '0',
  `weekend` int(11) DEFAULT '0',
  `holiday` int(11) DEFAULT '0',
  `need_to_work` int(11) DEFAULT '0',
  `present` int(11) DEFAULT '0',
  `late` int(11) DEFAULT '0',
  `absent` int(11) DEFAULT '0',
  `unpaid_leave` int(11) DEFAULT '0',
  `paid_leave` int(11) DEFAULT '0',
  `need_to_pay` int(11) DEFAULT '0',
  `late_deduction` double(10,2) DEFAULT '0.00',
  `absent_deduction` double(10,2) DEFAULT '0.00',
  `tax_deduction` double(10,2) DEFAULT '0.00',
  `provident_fund_deduction` double(10,2) DEFAULT '0.00',
  `advance_salary_deduction` double(10,2) DEFAULT '0.00',
  `others_deduction` double(10,2) DEFAULT '0.00',
  `stamp_deduction` double(10,2) DEFAULT '0.00',
  `total_deduction` double(10,2) DEFAULT '0.00',
  `commission_addition` double(10,2) DEFAULT '0.00',
  `transport_bill_addition` double(10,2) DEFAULT '0.00',
  `paid_leave_addition` double(10,2) DEFAULT '0.00',
  `overtime_addition` double(10,2) DEFAULT '0.00',
  `others_addition` double(10,2) DEFAULT '0.00',
  `festival_bonus_addition` double(10,2) DEFAULT '0.00',
  `total_addition` double(10,2) DEFAULT '0.00',
  `salary_earn` double(10,2) DEFAULT '0.00',
  `net_salary` double(10,2) DEFAULT '0.00',
  `created_at` timestamp NULL DEFAULT CURRENT_TIMESTAMP,
  `updated_at` timestamp NULL DEFAULT CURRENT_TIMESTAMP
) ENGINE=InnoDB DEFAULT CHARSET=utf8mb4 COLLATE=utf8mb4_unicode_ci;

--
-- Dumping data for table `salary_sheets`
--

INSERT INTO `salary_sheets` (`id`, `employee_id`, `salary_month`, `salary_year`, `employee_name`, `designation`, `department`, `joining_date`, `gross_salary`, `basic_salary`, `house_allowance`, `medical_allowance`, `transport_allowance`, `food_allowance`, `number_of_days`, `weekend`, `holiday`, `need_to_work`, `present`, `late`, `absent`, `unpaid_leave`, `paid_leave`, `need_to_pay`, `late_deduction`, `absent_deduction`, `tax_deduction`, `provident_fund_deduction`, `advance_salary_deduction`, `others_deduction`, `stamp_deduction`, `total_deduction`, `commission_addition`, `transport_bill_addition`, `paid_leave_addition`, `overtime_addition`, `others_addition`, `festival_bonus_addition`, `total_addition`, `salary_earn`, `net_salary`, `created_at`, `updated_at`) VALUES
(1, 1, '05', 2022, 'Md. Nurul Alam', 'Admin', 'Admin & Accounts', '2010-08-05', 20000.00, 10000.00, 4000.00, 2000.00, 2000.00, 2000.00, 31, 4, 6, 21, 12, 1, 8, 0, 0, 23, 0.00, 5161.29, 0.00, 0.00, 2000.00, 0.00, 0.00, 7161.29, 0.00, 0.00, 0.00, 0.00, 0.00, 0.00, 0.00, 14838.71, 12838.71, '2022-06-28 19:52:04', '2022-06-30 00:39:03'),
(2, 2, '05', 2022, 'Md. Ashfaqul Bari', 'Marketing Manager', 'Marketing', NULL, 30000.00, 15000.00, 6000.00, 3000.00, 3000.00, 3000.00, 31, 4, 6, 21, 9, 2, 10, 0, 0, 21, 0.00, 9677.42, 0.00, 0.00, 0.00, 0.00, 0.00, 9677.42, 0.00, 0.00, 0.00, 0.00, 0.00, 0.00, 0.00, 20322.58, 20322.58, '2022-06-28 19:52:04', '2022-06-30 00:39:03'),
(3, 3, '05', 2022, 'Emran Gazi', 'Project Manager', 'Development', '2018-03-15', 50000.00, 25000.00, 10000.00, 5000.00, 5000.00, 5000.00, 31, 4, 6, 21, 11, 2, 8, 0, 0, 23, 0.00, 12903.23, 0.00, 0.00, 0.00, 0.00, 0.00, 12903.23, 0.00, 0.00, 0.00, 0.00, 0.00, 0.00, 0.00, 37096.77, 37096.77, '2022-06-28 19:52:04', '2022-06-30 00:39:03'),
(4, 4, '05', 2022, 'Uzzal kumar Roy', 'Sr. Software Engineer', 'Development', NULL, 33000.00, 16500.00, 6600.00, 3300.00, 3300.00, 3300.00, 31, 4, 6, 21, 20, 1, 0, 0, 0, 31, 0.00, 0.00, 0.00, 0.00, 5000.00, 0.00, 0.00, 5000.00, 0.00, 0.00, 0.00, 0.00, 0.00, 0.00, 0.00, 33000.00, 28000.00, '2022-06-28 19:52:04', '2022-06-30 00:39:03'),
(5, 5, '05', 2022, 'Md. Arshad Ali', 'Sr. Marketing Executive', 'Marketing', NULL, 20000.00, 10000.00, 4000.00, 2000.00, 2000.00, 2000.00, 31, 4, 6, 21, 4, 0, 17, 0, 0, 14, 0.00, 10967.74, 0.00, 0.00, 0.00, 0.00, 0.00, 10967.74, 0.00, 0.00, 0.00, 0.00, 0.00, 0.00, 0.00, 9032.26, 9032.26, '2022-06-28 19:52:04', '2022-06-30 00:39:03'),
(6, 6, '05', 2022, 'Jaber Ali', 'Executive', 'Technician', NULL, 15000.00, 7500.00, 3000.00, 1500.00, 1500.00, 1500.00, 31, 4, 6, 21, 2, 1, 18, 0, 0, 13, 0.00, 8709.68, 0.00, 0.00, 0.00, 0.00, 0.00, 8709.68, 0.00, 0.00, 0.00, 0.00, 0.00, 0.00, 0.00, 6290.32, 6290.32, '2022-06-28 19:52:04', '2022-06-30 00:39:03'),
(7, 7, '05', 2022, 'Antarip Saha', 'Jr. Software Engineer', 'Development', NULL, 18000.00, 9000.00, 3600.00, 1800.00, 1800.00, 1800.00, 31, 4, 6, 21, 12, 6, 2, 0, 1, 29, 1161.29, 1161.29, 0.00, 0.00, 1000.00, 0.00, 0.00, 3322.58, 0.00, 0.00, 580.65, 0.00, 0.00, 0.00, 580.65, 16838.71, 15258.06, '2022-06-28 19:52:04', '2022-06-30 00:39:03');

-- --------------------------------------------------------

--
-- Table structure for table `schedules`
--

CREATE TABLE `schedules` (
  `id` bigint(20) UNSIGNED NOT NULL,
  `schedule_name` varchar(255) COLLATE utf8mb4_unicode_ci NOT NULL,
  `office_start` time NOT NULL,
  `office_late_start` time NOT NULL,
  `office_late_end` time NOT NULL,
  `office_end` time NOT NULL,
  `office_over_time_start` time NOT NULL,
  `office_over_time_end` time NOT NULL,
  `status` enum('active','inactive') COLLATE utf8mb4_unicode_ci NOT NULL,
  `created_at` timestamp NULL DEFAULT NULL,
  `updated_at` timestamp NULL DEFAULT NULL
) ENGINE=InnoDB DEFAULT CHARSET=utf8mb4 COLLATE=utf8mb4_unicode_ci;

--
-- Dumping data for table `schedules`
--

INSERT INTO `schedules` (`id`, `schedule_name`, `office_start`, `office_late_start`, `office_late_end`, `office_end`, `office_over_time_start`, `office_over_time_end`, `status`, `created_at`, `updated_at`) VALUES
(1, 'Regular', '09:00:00', '09:15:00', '10:00:00', '18:00:00', '18:00:00', '20:00:00', 'active', '2022-05-24 02:46:19', '2022-05-24 02:46:19');

-- --------------------------------------------------------

--
-- Table structure for table `taxes`
--

CREATE TABLE `taxes` (
  `id` bigint(20) UNSIGNED NOT NULL,
  `tax_name` varchar(255) COLLATE utf8mb4_unicode_ci NOT NULL,
  `percentage` double(10,2) NOT NULL,
  `status` enum('active','inactive') COLLATE utf8mb4_unicode_ci NOT NULL,
  `created_at` timestamp NULL DEFAULT NULL,
  `updated_at` timestamp NULL DEFAULT NULL
) ENGINE=InnoDB DEFAULT CHARSET=utf8mb4 COLLATE=utf8mb4_unicode_ci;

--
-- Dumping data for table `taxes`
--

INSERT INTO `taxes` (`id`, `tax_name`, `percentage`, `status`, `created_at`, `updated_at`) VALUES
(1, 'Default', 0.00, 'active', '2022-05-24 21:19:39', '2022-05-24 21:19:39');

-- --------------------------------------------------------

--
-- Table structure for table `transport_payments`
--

CREATE TABLE `transport_payments` (
  `id` bigint(20) UNSIGNED NOT NULL,
  `employee_id` bigint(20) UNSIGNED NOT NULL,
  `payment_month` varchar(255) COLLATE utf8mb4_unicode_ci NOT NULL,
  `payment_year` year(4) NOT NULL,
  `amount` double DEFAULT '0',
  `remarks` text COLLATE utf8mb4_unicode_ci,
  `created_at` timestamp NULL DEFAULT NULL,
  `updated_at` timestamp NULL DEFAULT NULL
) ENGINE=InnoDB DEFAULT CHARSET=utf8mb4 COLLATE=utf8mb4_unicode_ci;

-- --------------------------------------------------------

--
-- Table structure for table `uploads`
--

CREATE TABLE `uploads` (
  `id` bigint(20) UNSIGNED NOT NULL,
  `attendance_year` year(4) NOT NULL,
  `attendance_month` varchar(255) COLLATE utf8mb4_unicode_ci NOT NULL,
  `upload_path` text COLLATE utf8mb4_unicode_ci NOT NULL,
  `process_status` int(11) NOT NULL,
  `created_at` timestamp NULL DEFAULT NULL,
  `updated_at` timestamp NULL DEFAULT NULL
) ENGINE=InnoDB DEFAULT CHARSET=utf8mb4 COLLATE=utf8mb4_unicode_ci;

--
-- Dumping data for table `uploads`
--

INSERT INTO `uploads` (`id`, `attendance_year`, `attendance_month`, `upload_path`, `process_status`, `created_at`, `updated_at`) VALUES
(2, 2022, 'May', 'May-2022.txt', 1, '2022-06-25 03:09:23', '2022-06-25 03:09:23'),
(3, 2022, 'June', 'June-2022.txt', 1, '2022-06-27 20:44:46', '2022-06-27 20:44:46');

-- --------------------------------------------------------

--
-- Table structure for table `users`
--

CREATE TABLE `users` (
  `id` bigint(20) UNSIGNED NOT NULL,
  `employee_id` int(11) DEFAULT '0',
  `username` varchar(255) COLLATE utf8mb4_unicode_ci NOT NULL,
  `name` varchar(255) COLLATE utf8mb4_unicode_ci NOT NULL,
  `email` varchar(255) COLLATE utf8mb4_unicode_ci NOT NULL,
  `email_verified_at` timestamp NULL DEFAULT NULL,
  `password` varchar(255) COLLATE utf8mb4_unicode_ci NOT NULL,
  `user_type` enum('Super admin','Admin','HR','Finance','Employee') COLLATE utf8mb4_unicode_ci DEFAULT 'Super admin',
  `avatar_original` varchar(255) COLLATE utf8mb4_unicode_ci DEFAULT NULL,
  `remember_token` varchar(100) COLLATE utf8mb4_unicode_ci DEFAULT NULL,
  `created_at` timestamp NULL DEFAULT NULL,
  `updated_at` timestamp NULL DEFAULT NULL
) ENGINE=InnoDB DEFAULT CHARSET=utf8mb4 COLLATE=utf8mb4_unicode_ci;

--
-- Dumping data for table `users`
--

INSERT INTO `users` (`id`, `employee_id`, `username`, `name`, `email`, `email_verified_at`, `password`, `user_type`, `avatar_original`, `remember_token`, `created_at`, `updated_at`) VALUES
(1, 0, 'zamanit2008', 'Zaman Khan', 'zamanit2008@gmail.com', NULL, '$2y$10$3qKagaGchQkBlwRCmf3SIuxu0eSr9yeszgyqxbbgXzitULyIYem.y', 'Super admin', NULL, 'etQuGBDeLRGFzNKDqmmeobyI9KkXcXX8iVVEh3qqKjSvX6Rd3BtUhfyQ61HM', '2022-05-10 22:00:46', '2022-05-10 22:00:46'),
(2, 4, 'Uzzal71', 'Uzzal Kumar Roy', 'zamanit.uzzal@gmail.com', NULL, '$2y$10$OZMcHmNwY5hV5yOpDkdgMe1GAybulw3cbfxUawM12E7I57Q6pAL.q', 'Employee', NULL, NULL, '2022-05-25 21:52:47', '2022-05-25 21:52:47'),
(3, 7, 'Antarip Saha', 'Antarip Saha', 'antarip15@gmail.com', NULL, '$2y$10$DNTfHv9W/GlJBgUHXpauUuSMOvCutbDgEBUaLN5z024Bvtlxqrr3O', 'Employee', NULL, 'YKMVWNGDBzgTqvXLLDkN0xaodlTGoLgKugVPNZyOCvwVmsFcwevlrbxXGMM3', '2022-05-25 21:56:13', '2022-05-25 22:36:27'),
(6, 9, 'limatahmida@gmail.com', 'lima', 'limatahmida@gmail.com', NULL, '$2y$10$WxAoq3rQpN8C8rJ9Rr9H.uYikBYIREZ3lxLMm/c3zxdFodBl.SSl.', 'Employee', NULL, 'vOENemBU2hWUHiaQpRLETx5pX8yaivTkiY6Xn6bBj2YH07NRLXar7Px31FlD', '2022-06-27 21:38:31', '2022-06-27 21:38:31'),
(7, 3, 'e.zamanit', 'Emran', 'e.zamanit@gmail.com', NULL, '$2y$10$8GrmuZywxF7K3qzFMriGOef4aC9e6xcOmAjE.0cnZnN1Ab1YgBopK', 'Employee', NULL, NULL, '2022-06-28 20:10:05', '2022-06-28 20:10:05');

--
-- Indexes for dumped tables
--

--
-- Indexes for table `advance_salaries`
--
ALTER TABLE `advance_salaries`
  ADD PRIMARY KEY (`id`),
  ADD KEY `advance_salaries_employee_id_foreign` (`employee_id`);

--
-- Indexes for table `attendances`
--
ALTER TABLE `attendances`
  ADD PRIMARY KEY (`id`),
  ADD KEY `attendances_employee_id_foreign` (`employee_id`);

--
-- Indexes for table `attendance_logs`
--
ALTER TABLE `attendance_logs`
  ADD PRIMARY KEY (`id`);

--
-- Indexes for table `attendance_summaries`
--
ALTER TABLE `attendance_summaries`
  ADD PRIMARY KEY (`id`),
  ADD KEY `attendance_summaries_employee_id_foreign` (`employee_id`);

--
-- Indexes for table `bank_information`
--
ALTER TABLE `bank_information`
  ADD PRIMARY KEY (`id`),
  ADD KEY `bank_information_employee_id_foreign` (`employee_id`);

--
-- Indexes for table `blood_groups`
--
ALTER TABLE `blood_groups`
  ADD PRIMARY KEY (`id`);

--
-- Indexes for table `commission_payments`
--
ALTER TABLE `commission_payments`
  ADD PRIMARY KEY (`id`),
  ADD KEY `commission_payments_employee_id_foreign` (`employee_id`);

--
-- Indexes for table `companies`
--
ALTER TABLE `companies`
  ADD PRIMARY KEY (`id`);

--
-- Indexes for table `cron_jobs`
--
ALTER TABLE `cron_jobs`
  ADD PRIMARY KEY (`id`);

--
-- Indexes for table `departments`
--
ALTER TABLE `departments`
  ADD PRIMARY KEY (`id`);

--
-- Indexes for table `designations`
--
ALTER TABLE `designations`
  ADD PRIMARY KEY (`id`);

--
-- Indexes for table `education_information`
--
ALTER TABLE `education_information`
  ADD PRIMARY KEY (`id`),
  ADD KEY `education_information_employee_id_foreign` (`employee_id`);

--
-- Indexes for table `employees`
--
ALTER TABLE `employees`
  ADD PRIMARY KEY (`id`),
  ADD KEY `employees_department_id_foreign` (`department_id`),
  ADD KEY `employees_designation_id_foreign` (`designation_id`),
  ADD KEY `employees_schedule_id_foreign` (`schedule_id`),
  ADD KEY `employees_tax_id_foreign` (`tax_id`),
  ADD KEY `employees_provident_fund_id_foreign` (`provident_fund_id`);

--
-- Indexes for table `employee_leaves`
--
ALTER TABLE `employee_leaves`
  ADD PRIMARY KEY (`id`),
  ADD KEY `employee_leaves_employee_id_foreign` (`employee_id`),
  ADD KEY `employee_leaves_leave_id_foreign` (`leave_id`);

--
-- Indexes for table `employee_leave_details`
--
ALTER TABLE `employee_leave_details`
  ADD PRIMARY KEY (`id`),
  ADD KEY `employee_leave_details_employee_leave_id_foreign` (`employee_leave_id`),
  ADD KEY `employee_leave_details_employee_id_foreign` (`employee_id`),
  ADD KEY `employee_leave_details_leave_id_foreign` (`leave_id`);

--
-- Indexes for table `employee_promotions`
--
ALTER TABLE `employee_promotions`
  ADD PRIMARY KEY (`id`),
  ADD KEY `employee_promotions_employee_id_foreign` (`employee_id`),
  ADD KEY `employee_promotions_department_id_foreign` (`department_id`),
  ADD KEY `employee_promotions_designation_id_foreign` (`designation_id`);

--
-- Indexes for table `employee_promotion_olds`
--
ALTER TABLE `employee_promotion_olds`
  ADD PRIMARY KEY (`id`),
  ADD KEY `employee_promotion_olds_employee_id_foreign` (`employee_id`),
  ADD KEY `employee_promotion_olds_department_id_foreign` (`department_id`),
  ADD KEY `employee_promotion_olds_designation_id_foreign` (`designation_id`);

--
-- Indexes for table `experience_information`
--
ALTER TABLE `experience_information`
  ADD PRIMARY KEY (`id`),
  ADD KEY `experience_information_employee_id_foreign` (`employee_id`);

--
-- Indexes for table `failed_jobs`
--
ALTER TABLE `failed_jobs`
  ADD PRIMARY KEY (`id`),
  ADD UNIQUE KEY `failed_jobs_uuid_unique` (`uuid`);

--
-- Indexes for table `holiday_entries`
--
ALTER TABLE `holiday_entries`
  ADD PRIMARY KEY (`id`);

--
-- Indexes for table `leaves`
--
ALTER TABLE `leaves`
  ADD PRIMARY KEY (`id`);

--
-- Indexes for table `migrations`
--
ALTER TABLE `migrations`
  ADD PRIMARY KEY (`id`);

--
-- Indexes for table `office_holiday_details`
--
ALTER TABLE `office_holiday_details`
  ADD PRIMARY KEY (`id`),
  ADD KEY `office_holiday_details_holiday_id_foreign` (`holiday_id`);

--
-- Indexes for table `other_payments`
--
ALTER TABLE `other_payments`
  ADD PRIMARY KEY (`id`),
  ADD KEY `other_payments_employee_id_foreign` (`employee_id`);

--
-- Indexes for table `password_resets`
--
ALTER TABLE `password_resets`
  ADD KEY `password_resets_email_index` (`email`);

--
-- Indexes for table `personal_access_tokens`
--
ALTER TABLE `personal_access_tokens`
  ADD PRIMARY KEY (`id`),
  ADD UNIQUE KEY `personal_access_tokens_token_unique` (`token`),
  ADD KEY `personal_access_tokens_tokenable_type_tokenable_id_index` (`tokenable_type`,`tokenable_id`);

--
-- Indexes for table `provident_funds`
--
ALTER TABLE `provident_funds`
  ADD PRIMARY KEY (`id`);

--
-- Indexes for table `salary_increments`
--
ALTER TABLE `salary_increments`
  ADD PRIMARY KEY (`id`),
  ADD KEY `salary_increments_employee_id_foreign` (`employee_id`);

--
-- Indexes for table `salary_increment_olds`
--
ALTER TABLE `salary_increment_olds`
  ADD PRIMARY KEY (`id`),
  ADD KEY `salary_increment_olds_employee_id_foreign` (`employee_id`);

--
-- Indexes for table `salary_information`
--
ALTER TABLE `salary_information`
  ADD PRIMARY KEY (`id`),
  ADD KEY `salary_information_employee_id_foreign` (`employee_id`);

--
-- Indexes for table `salary_settings`
--
ALTER TABLE `salary_settings`
  ADD PRIMARY KEY (`id`);

--
-- Indexes for table `salary_sheets`
--
ALTER TABLE `salary_sheets`
  ADD PRIMARY KEY (`id`),
  ADD KEY `salary_sheets_employee_id_foreign` (`employee_id`);

--
-- Indexes for table `schedules`
--
ALTER TABLE `schedules`
  ADD PRIMARY KEY (`id`);

--
-- Indexes for table `taxes`
--
ALTER TABLE `taxes`
  ADD PRIMARY KEY (`id`);

--
-- Indexes for table `transport_payments`
--
ALTER TABLE `transport_payments`
  ADD PRIMARY KEY (`id`),
  ADD KEY `transport_payments_employee_id_foreign` (`employee_id`);

--
-- Indexes for table `uploads`
--
ALTER TABLE `uploads`
  ADD PRIMARY KEY (`id`);

--
-- Indexes for table `users`
--
ALTER TABLE `users`
  ADD PRIMARY KEY (`id`),
  ADD UNIQUE KEY `users_email_unique` (`email`);

--
-- AUTO_INCREMENT for dumped tables
--

--
-- AUTO_INCREMENT for table `advance_salaries`
--
ALTER TABLE `advance_salaries`
  MODIFY `id` bigint(20) UNSIGNED NOT NULL AUTO_INCREMENT, AUTO_INCREMENT=5;

--
-- AUTO_INCREMENT for table `attendances`
--
ALTER TABLE `attendances`
  MODIFY `id` bigint(20) UNSIGNED NOT NULL AUTO_INCREMENT, AUTO_INCREMENT=280;

--
-- AUTO_INCREMENT for table `attendance_logs`
--
ALTER TABLE `attendance_logs`
  MODIFY `id` bigint(20) UNSIGNED NOT NULL AUTO_INCREMENT, AUTO_INCREMENT=142;

--
-- AUTO_INCREMENT for table `attendance_summaries`
--
ALTER TABLE `attendance_summaries`
  MODIFY `id` bigint(20) UNSIGNED NOT NULL AUTO_INCREMENT, AUTO_INCREMENT=19;

--
-- AUTO_INCREMENT for table `bank_information`
--
ALTER TABLE `bank_information`
  MODIFY `id` bigint(20) UNSIGNED NOT NULL AUTO_INCREMENT, AUTO_INCREMENT=10;

--
-- AUTO_INCREMENT for table `blood_groups`
--
ALTER TABLE `blood_groups`
  MODIFY `id` bigint(20) UNSIGNED NOT NULL AUTO_INCREMENT;

--
-- AUTO_INCREMENT for table `commission_payments`
--
ALTER TABLE `commission_payments`
  MODIFY `id` bigint(20) UNSIGNED NOT NULL AUTO_INCREMENT;

--
-- AUTO_INCREMENT for table `companies`
--
ALTER TABLE `companies`
  MODIFY `id` bigint(20) UNSIGNED NOT NULL AUTO_INCREMENT, AUTO_INCREMENT=2;

--
-- AUTO_INCREMENT for table `cron_jobs`
--
ALTER TABLE `cron_jobs`
  MODIFY `id` bigint(20) UNSIGNED NOT NULL AUTO_INCREMENT, AUTO_INCREMENT=3;

--
-- AUTO_INCREMENT for table `departments`
--
ALTER TABLE `departments`
  MODIFY `id` bigint(20) UNSIGNED NOT NULL AUTO_INCREMENT, AUTO_INCREMENT=5;

--
-- AUTO_INCREMENT for table `designations`
--
ALTER TABLE `designations`
  MODIFY `id` bigint(20) UNSIGNED NOT NULL AUTO_INCREMENT, AUTO_INCREMENT=12;

--
-- AUTO_INCREMENT for table `education_information`
--
ALTER TABLE `education_information`
  MODIFY `id` bigint(20) UNSIGNED NOT NULL AUTO_INCREMENT, AUTO_INCREMENT=10;

--
-- AUTO_INCREMENT for table `employees`
--
ALTER TABLE `employees`
  MODIFY `id` bigint(20) UNSIGNED NOT NULL AUTO_INCREMENT, AUTO_INCREMENT=10;

--
-- AUTO_INCREMENT for table `employee_leaves`
--
ALTER TABLE `employee_leaves`
  MODIFY `id` bigint(20) UNSIGNED NOT NULL AUTO_INCREMENT, AUTO_INCREMENT=2;

--
-- AUTO_INCREMENT for table `employee_leave_details`
--
ALTER TABLE `employee_leave_details`
  MODIFY `id` bigint(20) UNSIGNED NOT NULL AUTO_INCREMENT, AUTO_INCREMENT=2;

--
-- AUTO_INCREMENT for table `employee_promotions`
--
ALTER TABLE `employee_promotions`
  MODIFY `id` bigint(20) UNSIGNED NOT NULL AUTO_INCREMENT;

--
-- AUTO_INCREMENT for table `employee_promotion_olds`
--
ALTER TABLE `employee_promotion_olds`
  MODIFY `id` bigint(20) UNSIGNED NOT NULL AUTO_INCREMENT;


--
-- AUTO_INCREMENT for table `experience_information`
--
ALTER TABLE `experience_information`
  MODIFY `id` bigint(20) UNSIGNED NOT NULL AUTO_INCREMENT, AUTO_INCREMENT=10;

--
-- AUTO_INCREMENT for table `failed_jobs`
--
ALTER TABLE `failed_jobs`
  MODIFY `id` bigint(20) UNSIGNED NOT NULL AUTO_INCREMENT;

--
-- AUTO_INCREMENT for table `holiday_entries`
--
ALTER TABLE `holiday_entries`
  MODIFY `id` bigint(20) UNSIGNED NOT NULL AUTO_INCREMENT, AUTO_INCREMENT=4;

--
-- AUTO_INCREMENT for table `leaves`
--
ALTER TABLE `leaves`
  MODIFY `id` bigint(20) UNSIGNED NOT NULL AUTO_INCREMENT, AUTO_INCREMENT=3;

--
-- AUTO_INCREMENT for table `migrations`
--
ALTER TABLE `migrations`
  MODIFY `id` int(10) UNSIGNED NOT NULL AUTO_INCREMENT, AUTO_INCREMENT=93;

--
-- AUTO_INCREMENT for table `office_holiday_details`
--
ALTER TABLE `office_holiday_details`
  MODIFY `id` bigint(20) UNSIGNED NOT NULL AUTO_INCREMENT, AUTO_INCREMENT=14;

--
-- AUTO_INCREMENT for table `other_payments`
--
ALTER TABLE `other_payments`
  MODIFY `id` bigint(20) UNSIGNED NOT NULL AUTO_INCREMENT;

--
-- AUTO_INCREMENT for table `personal_access_tokens`
--
ALTER TABLE `personal_access_tokens`
  MODIFY `id` bigint(20) UNSIGNED NOT NULL AUTO_INCREMENT;

--
-- AUTO_INCREMENT for table `provident_funds`
--
ALTER TABLE `provident_funds`
  MODIFY `id` bigint(20) UNSIGNED NOT NULL AUTO_INCREMENT, AUTO_INCREMENT=2;

--
-- AUTO_INCREMENT for table `salary_increments`
--
ALTER TABLE `salary_increments`
  MODIFY `id` bigint(20) UNSIGNED NOT NULL AUTO_INCREMENT;

--
-- AUTO_INCREMENT for table `salary_increment_olds`
--
ALTER TABLE `salary_increment_olds`
  MODIFY `id` bigint(20) UNSIGNED NOT NULL AUTO_INCREMENT;

--
-- AUTO_INCREMENT for table `salary_information`
--
ALTER TABLE `salary_information`
  MODIFY `id` bigint(20) UNSIGNED NOT NULL AUTO_INCREMENT, AUTO_INCREMENT=10;

--
-- AUTO_INCREMENT for table `salary_settings`
--
ALTER TABLE `salary_settings`
  MODIFY `id` bigint(20) UNSIGNED NOT NULL AUTO_INCREMENT, AUTO_INCREMENT=2;

--
-- AUTO_INCREMENT for table `salary_sheets`
--
ALTER TABLE `salary_sheets`
  MODIFY `id` bigint(20) UNSIGNED NOT NULL AUTO_INCREMENT, AUTO_INCREMENT=8;

--
-- AUTO_INCREMENT for table `schedules`
--
ALTER TABLE `schedules`
  MODIFY `id` bigint(20) UNSIGNED NOT NULL AUTO_INCREMENT, AUTO_INCREMENT=2;

--
-- AUTO_INCREMENT for table `taxes`
--
ALTER TABLE `taxes`
  MODIFY `id` bigint(20) UNSIGNED NOT NULL AUTO_INCREMENT, AUTO_INCREMENT=2;

--
-- AUTO_INCREMENT for table `transport_payments`
--
ALTER TABLE `transport_payments`
  MODIFY `id` bigint(20) UNSIGNED NOT NULL AUTO_INCREMENT;

--
-- AUTO_INCREMENT for table `uploads`
--
ALTER TABLE `uploads`
  MODIFY `id` bigint(20) UNSIGNED NOT NULL AUTO_INCREMENT, AUTO_INCREMENT=4;

--
-- AUTO_INCREMENT for table `users`
--
ALTER TABLE `users`
  MODIFY `id` bigint(20) UNSIGNED NOT NULL AUTO_INCREMENT, AUTO_INCREMENT=8;

--
-- Constraints for dumped tables
--

--
-- Constraints for table `advance_salaries`
--
ALTER TABLE `advance_salaries`
  ADD CONSTRAINT `advance_salaries_employee_id_foreign` FOREIGN KEY (`employee_id`) REFERENCES `employees` (`id`);

--
-- Constraints for table `attendances`
--
ALTER TABLE `attendances`
  ADD CONSTRAINT `attendances_employee_id_foreign` FOREIGN KEY (`employee_id`) REFERENCES `employees` (`id`);

--
-- Constraints for table `attendance_summaries`
--
ALTER TABLE `attendance_summaries`
  ADD CONSTRAINT `attendance_summaries_employee_id_foreign` FOREIGN KEY (`employee_id`) REFERENCES `employees` (`id`);

--
-- Constraints for table `bank_information`
--
ALTER TABLE `bank_information`
  ADD CONSTRAINT `bank_information_employee_id_foreign` FOREIGN KEY (`employee_id`) REFERENCES `employees` (`id`);

--
-- Constraints for table `commission_payments`
--
ALTER TABLE `commission_payments`
  ADD CONSTRAINT `commission_payments_employee_id_foreign` FOREIGN KEY (`employee_id`) REFERENCES `employees` (`id`);

--
-- Constraints for table `education_information`
--
ALTER TABLE `education_information`
  ADD CONSTRAINT `education_information_employee_id_foreign` FOREIGN KEY (`employee_id`) REFERENCES `employees` (`id`);

--
-- Constraints for table `employees`
--
ALTER TABLE `employees`
  ADD CONSTRAINT `employees_department_id_foreign` FOREIGN KEY (`department_id`) REFERENCES `departments` (`id`),
  ADD CONSTRAINT `employees_designation_id_foreign` FOREIGN KEY (`designation_id`) REFERENCES `designations` (`id`),
  ADD CONSTRAINT `employees_provident_fund_id_foreign` FOREIGN KEY (`provident_fund_id`) REFERENCES `provident_funds` (`id`),
  ADD CONSTRAINT `employees_schedule_id_foreign` FOREIGN KEY (`schedule_id`) REFERENCES `schedules` (`id`),
  ADD CONSTRAINT `employees_tax_id_foreign` FOREIGN KEY (`tax_id`) REFERENCES `taxes` (`id`);

--
-- Constraints for table `employee_leaves`
--
ALTER TABLE `employee_leaves`
  ADD CONSTRAINT `employee_leaves_employee_id_foreign` FOREIGN KEY (`employee_id`) REFERENCES `employees` (`id`),
  ADD CONSTRAINT `employee_leaves_leave_id_foreign` FOREIGN KEY (`leave_id`) REFERENCES `leaves` (`id`);

--
-- Constraints for table `employee_leave_details`
--
ALTER TABLE `employee_leave_details`
  ADD CONSTRAINT `employee_leave_details_employee_id_foreign` FOREIGN KEY (`employee_id`) REFERENCES `employees` (`id`),
  ADD CONSTRAINT `employee_leave_details_employee_leave_id_foreign` FOREIGN KEY (`employee_leave_id`) REFERENCES `employee_leaves` (`id`),
  ADD CONSTRAINT `employee_leave_details_leave_id_foreign` FOREIGN KEY (`leave_id`) REFERENCES `leaves` (`id`);

--
-- Constraints for table `employee_promotions`
--
ALTER TABLE `employee_promotions`
  ADD CONSTRAINT `employee_promotions_department_id_foreign` FOREIGN KEY (`department_id`) REFERENCES `departments` (`id`),
  ADD CONSTRAINT `employee_promotions_designation_id_foreign` FOREIGN KEY (`designation_id`) REFERENCES `designations` (`id`),
  ADD CONSTRAINT `employee_promotions_employee_id_foreign` FOREIGN KEY (`employee_id`) REFERENCES `employees` (`id`);

--
-- Constraints for table `employee_promotion_olds`
--
ALTER TABLE `employee_promotion_olds`
  ADD CONSTRAINT `employee_promotion_olds_department_id_foreign` FOREIGN KEY (`department_id`) REFERENCES `departments` (`id`),
  ADD CONSTRAINT `employee_promotion_olds_designation_id_foreign` FOREIGN KEY (`designation_id`) REFERENCES `designations` (`id`),
  ADD CONSTRAINT `employee_promotion_olds_employee_id_foreign` FOREIGN KEY (`employee_id`) REFERENCES `employees` (`id`);

--
-- Constraints for table `experience_information`
--
ALTER TABLE `experience_information`
  ADD CONSTRAINT `experience_information_employee_id_foreign` FOREIGN KEY (`employee_id`) REFERENCES `employees` (`id`);

--
-- Constraints for table `office_holiday_details`
--
ALTER TABLE `office_holiday_details`
  ADD CONSTRAINT `office_holiday_details_holiday_id_foreign` FOREIGN KEY (`holiday_id`) REFERENCES `holiday_entries` (`id`);

--
-- Constraints for table `other_payments`
--
ALTER TABLE `other_payments`
  ADD CONSTRAINT `other_payments_employee_id_foreign` FOREIGN KEY (`employee_id`) REFERENCES `employees` (`id`);

--
-- Constraints for table `salary_increments`
--
ALTER TABLE `salary_increments`
  ADD CONSTRAINT `salary_increments_employee_id_foreign` FOREIGN KEY (`employee_id`) REFERENCES `employees` (`id`);

--
-- Constraints for table `salary_increment_olds`
--
ALTER TABLE `salary_increment_olds`
  ADD CONSTRAINT `salary_increment_olds_employee_id_foreign` FOREIGN KEY (`employee_id`) REFERENCES `employees` (`id`);

--
-- Constraints for table `salary_information`
--
ALTER TABLE `salary_information`
  ADD CONSTRAINT `salary_information_employee_id_foreign` FOREIGN KEY (`employee_id`) REFERENCES `employees` (`id`);

--
-- Constraints for table `salary_sheets`
--
ALTER TABLE `salary_sheets`
  ADD CONSTRAINT `salary_sheets_employee_id_foreign` FOREIGN KEY (`employee_id`) REFERENCES `employees` (`id`);

--
-- Constraints for table `transport_payments`
--
ALTER TABLE `transport_payments`
  ADD CONSTRAINT `transport_payments_employee_id_foreign` FOREIGN KEY (`employee_id`) REFERENCES `employees` (`id`);
COMMIT;

/*!40101 SET CHARACTER_SET_CLIENT=@OLD_CHARACTER_SET_CLIENT */;
/*!40101 SET CHARACTER_SET_RESULTS=@OLD_CHARACTER_SET_RESULTS */;
/*!40101 SET COLLATION_CONNECTION=@OLD_COLLATION_CONNECTION */;
